income_ID;country_ID;year_ID;age_ID;gender_ID;median_income_MEUR
EU15_A65_F;EU;15;A65;F;14063.0
EU16_A65_F;EU;16;A65;F;14287.0
EU17_A65_F;EU;17;A65;F;14595.0
EU18_A65_F;EU;18;A65;F;14962.0
EU19_A65_F;EU;19;A65;F;15246.0
EU20_A65_F;EU;20;A65;F;16061.0
EU21_A65_F;EU;21;A65;F;16267.0
EU22_A65_F;EU;22;A65;F;16587.0
EU23_A65_F;EU;23;A65;F;17670.0
EU24_A65_F;EU;24;A65;F;18880.0
BE15_A65_F;BE;15;A65;F;17275.0
BE16_A65_F;BE;16;A65;F;17460.0
BE17_A65_F;BE;17;A65;F;18119.0
BE18_A65_F;BE;18;A65;F;18530.0
BE19_A65_F;BE;19;A65;F;19293.0
BE20_A65_F;BE;20;A65;F;19605.0
BE21_A65_F;BE;21;A65;F;20346.0
BE22_A65_F;BE;22;A65;F;20518.0
BE23_A65_F;BE;23;A65;F;22407.0
BE24_A65_F;BE;24;A65;F;24048.0
BG15_A65_F;BG;15;A65;F;2339.0
BG16_A65_F;BG;16;A65;F;2438.0
BG17_A65_F;BG;17;A65;F;2506.0
BG18_A65_F;BG;18;A65;F;2652.0
BG19_A65_F;BG;19;A65;F;2866.0
BG20_A65_F;BG;20;A65;F;3002.0
BG21_A65_F;BG;21;A65;F;3500.0
BG22_A65_F;BG;22;A65;F;3533.0
BG23_A65_F;BG;23;A65;F;4910.0
BG24_A65_F;BG;24;A65;F;5876.0
CZ15_A65_F;CZ;15;A65;F;6104.0
CZ16_A65_F;CZ;16;A65;F;6384.0
CZ17_A65_F;CZ;17;A65;F;6557.0
CZ18_A65_F;CZ;18;A65;F;6917.0
CZ19_A65_F;CZ;19;A65;F;7472.0
CZ20_A65_F;CZ;20;A65;F;8031.0
CZ21_A65_F;CZ;21;A65;F;8557.0
CZ22_A65_F;CZ;22;A65;F;9081.0
CZ23_A65_F;CZ;23;A65;F;10525.0
CZ24_A65_F;CZ;24;A65;F;12492.0
DK15_A65_F;DK;15;A65;F;22489.0
DK16_A65_F;DK;16;A65;F;22445.0
DK17_A65_F;DK;17;A65;F;23489.0
DK18_A65_F;DK;18;A65;F;24080.0
DK19_A65_F;DK;19;A65;F;24601.0
DK20_A65_F;DK;20;A65;F;24787.0
DK21_A65_F;DK;21;A65;F;25664.0
DK22_A65_F;DK;22;A65;F;26395.0
DK23_A65_F;DK;23;A65;F;27284.0
DK24_A65_F;DK;24;A65;F;28180.0
DE15_A65_F;DE;15;A65;F;17918.0
DE16_A65_F;DE;16;A65;F;18094.0
DE17_A65_F;DE;17;A65;F;18723.0
DE18_A65_F;DE;18;A65;F;19282.0
DE19_A65_F;DE;19;A65;F;19896.0
DE20_A65_F;DE;20;A65;F;21826.0
DE21_A65_F;DE;21;A65;F;21309.0
DE22_A65_F;DE;22;A65;F;21386.0
DE23_A65_F;DE;23;A65;F;22320.0
DE24_A65_F;DE;24;A65;F;23328.0
EE15_A65_F;EE;15;A65;F;5030.0
EE16_A65_F;EE;16;A65;F;5343.0
EE17_A65_F;EE;17;A65;F;5776.0
EE18_A65_F;EE;18;A65;F;6162.0
EE19_A65_F;EE;19;A65;F;6887.0
EE20_A65_F;EE;20;A65;F;7522.0
EE21_A65_F;EE;21;A65;F;7815.0
EE22_A65_F;EE;22;A65;F;8293.0
EE23_A65_F;EE;23;A65;F;8833.0
EE24_A65_F;EE;24;A65;F;10054.0
IE15_A65_F;IE;15;A65;F;18664.0
IE16_A65_F;IE;16;A65;F;18359.0
IE17_A65_F;IE;17;A65;F;19030.0
IE18_A65_F;IE;18;A65;F;20264.0
IE19_A65_F;IE;19;A65;F;22923.0
IE20_A65_F;IE;20;A65;F;23684.0
IE21_A65_F;IE;21;A65;F;24638.0
IE22_A65_F;IE;22;A65;F;24240.0
IE23_A65_F;IE;23;A65;F;27251.0
IE24_A65_F;IE;24;A65;F;28750.0
GR15_A65_F;GR;15;A65;F;7520.0
GR16_A65_F;GR;16;A65;F;7573.0
GR17_A65_F;GR;17;A65;F;7600.0
GR18_A65_F;GR;18;A65;F;7687.0
GR19_A65_F;GR;19;A65;F;7867.0
GR20_A65_F;GR;20;A65;F;8480.0
GR21_A65_F;GR;21;A65;F;8347.0
GR22_A65_F;GR;22;A65;F;8960.0
GR23_A65_F;GR;23;A65;F;9225.0
GR24_A65_F;GR;24;A65;F;9657.0
ES15_A65_F;ES;15;A65;F;12990.0
ES16_A65_F;ES;16;A65;F;13262.0
ES17_A65_F;ES;17;A65;F;13398.0
ES18_A65_F;ES;18;A65;F;13681.0
ES19_A65_F;ES;19;A65;F;14243.0
ES20_A65_F;ES;20;A65;F;15685.0
ES21_A65_F;ES;21;A65;F;15713.0
ES22_A65_F;ES;22;A65;F;16339.0
ES23_A65_F;ES;23;A65;F;17962.0
ES24_A65_F;ES;24;A65;F;19107.0
FR15_A65_F;FR;15;A65;F;21287.0
FR16_A65_F;FR;16;A65;F;21441.0
FR17_A65_F;FR;17;A65;F;21747.0
FR18_A65_F;FR;18;A65;F;22086.0
FR19_A65_F;FR;19;A65;F;21922.0
FR20_A65_F;FR;20;A65;F;21216.0
FR21_A65_F;FR;21;A65;F;21268.0
FR22_A65_F;FR;22;A65;F;21230.0
FR23_A65_F;FR;23;A65;F;22443.0
FR24_A65_F;FR;24;A65;F;23809.0
HR15_A65_F;HR;15;A65;F;4672.0
HR16_A65_F;HR;16;A65;F;4778.0
HR17_A65_F;HR;17;A65;F;5049.0
HR18_A65_F;HR;18;A65;F;5256.0
HR19_A65_F;HR;19;A65;F;5475.0
HR20_A65_F;HR;20;A65;F;5864.0
HR21_A65_F;HR;21;A65;F;5981.0
HR22_A65_F;HR;22;A65;F;6441.0
HR23_A65_F;HR;23;A65;F;6942.0
HR24_A65_F;HR;24;A65;F;8545.0
IT15_A65_F;IT;15;A65;F;15159.0
IT16_A65_F;IT;16;A65;F;15850.0
IT17_A65_F;IT;17;A65;F;16233.0
IT18_A65_F;IT;18;A65;F;16503.0
IT19_A65_F;IT;19;A65;F;16634.0
IT20_A65_F;IT;20;A65;F;17276.0
IT21_A65_F;IT;21;A65;F;17769.0
IT22_A65_F;IT;22;A65;F;17559.0
IT23_A65_F;IT;23;A65;F;19027.0
IT24_A65_F;IT;24;A65;F;19883.0
CY15_A65_F;CY;15;A65;F;10766.0
CY16_A65_F;CY;16;A65;F;11097.0
CY17_A65_F;CY;17;A65;F;11423.0
CY18_A65_F;CY;18;A65;F;11997.0
CY19_A65_F;CY;19;A65;F;12404.0
CY20_A65_F;CY;20;A65;F;12918.0
CY21_A65_F;CY;21;A65;F;13026.0
CY22_A65_F;CY;22;A65;F;13749.0
CY23_A65_F;CY;23;A65;F;14683.0
CY24_A65_F;CY;24;A65;F;14973.0
LV15_A65_F;LV;15;A65;F;3870.0
LV16_A65_F;LV;16;A65;F;4202.0
LV17_A65_F;LV;17;A65;F;4218.0
LV18_A65_F;LV;18;A65;F;4414.0
LV19_A65_F;LV;19;A65;F;4812.0
LV20_A65_F;LV;20;A65;F;5733.0
LV21_A65_F;LV;21;A65;F;5670.0
LV22_A65_F;LV;22;A65;F;6578.0
LV23_A65_F;LV;23;A65;F;7246.0
LV24_A65_F;LV;24;A65;F;8275.0
LT15_A65_F;LT;15;A65;F;3764.0
LT16_A65_F;LT;16;A65;F;4057.0
LT17_A65_F;LT;17;A65;F;4224.0
LT18_A65_F;LT;18;A65;F;4489.0
LT19_A65_F;LT;19;A65;F;5157.0
LT20_A65_F;LT;20;A65;F;5685.0
LT21_A65_F;LT;21;A65;F;6350.0
LT22_A65_F;LT;22;A65;F;6377.0
LT23_A65_F;LT;23;A65;F;7234.0
LT24_A65_F;LT;24;A65;F;8052.0
LU15_A65_F;LU;15;A65;F;36216.0
LU16_A65_F;LU;16;A65;F;37013.0
LU17_A65_F;LU;17;A65;F;38535.0
LU18_A65_F;LU;18;A65;F;40405.0
LU19_A65_F;LU;19;A65;F;42326.0
LU20_A65_F;LU;20;A65;F;45663.0
LU21_A65_F;LU;21;A65;F;50517.0
LU22_A65_F;LU;22;A65;F;47925.0
LU23_A65_F;LU;23;A65;F;50388.0
LU24_A65_F;LU;24;A65;F;55116.0
HU15_A65_F;HU;15;A65;F;4431.0
HU16_A65_F;HU;16;A65;F;4649.0
HU17_A65_F;HU;17;A65;F;4729.0
HU18_A65_F;HU;18;A65;F;5000.0
HU19_A65_F;HU;19;A65;F;5144.0
HU20_A65_F;HU;20;A65;F;5626.0
HU21_A65_F;HU;21;A65;F;5757.0
HU22_A65_F;HU;22;A65;F;6471.0
HU23_A65_F;HU;23;A65;F;5936.0
HU24_A65_F;HU;24;A65;F;7941.0
MT15_A65_F;MT;15;A65;F;10429.0
MT16_A65_F;MT;16;A65;F;10270.0
MT17_A65_F;MT;17;A65;F;10779.0
MT18_A65_F;MT;18;A65;F;10824.0
MT19_A65_F;MT;19;A65;F;11382.0
MT20_A65_F;MT;20;A65;F;12740.0
MT21_A65_F;MT;21;A65;F;13192.0
MT22_A65_F;MT;22;A65;F;13329.0
MT23_A65_F;MT;23;A65;F;13039.0
MT24_A65_F;MT;24;A65;F;14700.0
NL15_A65_F;NL;15;A65;F;18900.0
NL16_A65_F;NL;16;A65;F;18946.0
NL17_A65_F;NL;17;A65;F;19361.0
NL18_A65_F;NL;18;A65;F;19877.0
NL19_A65_F;NL;19;A65;F;20145.0
NL20_A65_F;NL;20;A65;F;21034.0
NL21_A65_F;NL;21;A65;F;21485.0
NL22_A65_F;NL;22;A65;F;22135.0
NL23_A65_F;NL;23;A65;F;23295.0
NL24_A65_F;NL;24;A65;F;25544.0
AT15_A65_F;AT;15;A65;F;21721.0
AT16_A65_F;AT;16;A65;F;22029.0
AT17_A65_F;AT;17;A65;F;22992.0
AT18_A65_F;AT;18;A65;F;22980.0
AT19_A65_F;AT;19;A65;F;24073.0
AT20_A65_F;AT;20;A65;F;24836.0
AT21_A65_F;AT;21;A65;F;25459.0
AT22_A65_F;AT;22;A65;F;25726.0
AT23_A65_F;AT;23;A65;F;27294.0
AT24_A65_F;AT;24;A65;F;29702.0
PL15_A65_F;PL;15;A65;F;5217.0
PL16_A65_F;PL;16;A65;F;5417.0
PL17_A65_F;PL;17;A65;F;5384.0
PL18_A65_F;PL;18;A65;F;5816.0
PL19_A65_F;PL;19;A65;F;6119.0
PL20_A65_F;PL;20;A65;F;6699.0
PL21_A65_F;PL;21;A65;F;7152.0
PL22_A65_F;PL;22;A65;F;7910.0
PL23_A65_F;PL;23;A65;F;8765.0
PL24_A65_F;PL;24;A65;F;10626.0
PT15_A65_F;PT;15;A65;F;7571.0
PT16_A65_F;PT;16;A65;F;7784.0
PT17_A65_F;PT;17;A65;F;8163.0
PT18_A65_F;PT;18;A65;F;8208.0
PT19_A65_F;PT;19;A65;F;9005.0
PT20_A65_F;PT;20;A65;F;9800.0
PT21_A65_F;PT;21;A65;F;10027.0
PT22_A65_F;PT;22;A65;F;10360.0
PT23_A65_F;PT;23;A65;F;10899.0
PT24_A65_F;PT;24;A65;F;10986.0
RO15_A65_F;RO;15;A65;F;2133.0
RO16_A65_F;RO;16;A65;F;2214.0
RO17_A65_F;RO;17;A65;F;2405.0
RO18_A65_F;RO;18;A65;F;2841.0
RO19_A65_F;RO;19;A65;F;3169.0
RO20_A65_F;RO;20;A65;F;3543.0
RO21_A65_F;RO;21;A65;F;4099.0
RO22_A65_F;RO;22;A65;F;5324.0
RO23_A65_F;RO;23;A65;F;5913.0
RO24_A65_F;RO;24;A65;F;6826.0
SI15_A65_F;SI;15;A65;F;10684.0
SI16_A65_F;SI;16;A65;F;10539.0
SI17_A65_F;SI;17;A65;F;10914.0
SI18_A65_F;SI;18;A65;F;10976.0
SI19_A65_F;SI;19;A65;F;11544.0
SI20_A65_F;SI;20;A65;F;12004.0
SI21_A65_F;SI;21;A65;F;12799.0
SI22_A65_F;SI;22;A65;F;13285.0
SI23_A65_F;SI;23;A65;F;14246.0
SI24_A65_F;SI;24;A65;F;15232.0
SK15_A65_F;SK;15;A65;F;6267.0
SK16_A65_F;SK;16;A65;F;6347.0
SK17_A65_F;SK;17;A65;F;6395.0
SK18_A65_F;SK;18;A65;F;6791.0
SK19_A65_F;SK;19;A65;F;7010.0
SK20_A65_F;SK;20;A65;F;7603.0
SK21_A65_F;SK;21;A65;F;7933.0
SK22_A65_F;SK;22;A65;F;8606.0
SK23_A65_F;SK;23;A65;F;9146.0
SK24_A65_F;SK;24;A65;F;10478.0
FI15_A65_F;FI;15;A65;F;19017.0
FI16_A65_F;FI;16;A65;F;19400.0
FI17_A65_F;FI;17;A65;F;19631.0
FI18_A65_F;FI;18;A65;F;19773.0
FI19_A65_F;FI;19;A65;F;20016.0
FI20_A65_F;FI;20;A65;F;20266.0
FI21_A65_F;FI;21;A65;F;20168.0
FI22_A65_F;FI;22;A65;F;20544.0
FI23_A65_F;FI;23;A65;F;21693.0
FI24_A65_F;FI;24;A65;F;23644.0
SE15_A65_F;SE;15;A65;F;19187.0
SE16_A65_F;SE;16;A65;F;18708.0
SE17_A65_F;SE;17;A65;F;19398.0
SE18_A65_F;SE;18;A65;F;19794.0
SE19_A65_F;SE;19;A65;F;19106.0
SE20_A65_F;SE;20;A65;F;19025.0
SE21_A65_F;SE;21;A65;F;20501.0
SE22_A65_F;SE;22;A65;F;21057.0
SE23_A65_F;SE;23;A65;F;21716.0
SE24_A65_F;SE;24;A65;F;22390.0
EU15_A65_M;EU;15;A65;M;15941.0
EU16_A65_M;EU;16;A65;M;16069.0
EU17_A65_M;EU;17;A65;M;16416.0
EU18_A65_M;EU;18;A65;M;16839.0
EU19_A65_M;EU;19;A65;M;17162.0
EU20_A65_M;EU;20;A65;M;17776.0
EU21_A65_M;EU;21;A65;M;18062.0
EU22_A65_M;EU;22;A65;M;18404.0
EU23_A65_M;EU;23;A65;M;19542.0
EU24_A65_M;EU;24;A65;M;20946.0
BE15_A65_M;BE;15;A65;M;18773.0
BE16_A65_M;BE;16;A65;M;18720.0
BE17_A65_M;BE;17;A65;M;19490.0
BE18_A65_M;BE;18;A65;M;20210.0
BE19_A65_M;BE;19;A65;M;20756.0
BE20_A65_M;BE;20;A65;M;20896.0
BE21_A65_M;BE;21;A65;M;21613.0
BE22_A65_M;BE;22;A65;M;22340.0
BE23_A65_M;BE;23;A65;M;23731.0
BE24_A65_M;BE;24;A65;M;25590.0
BG15_A65_M;BG;15;A65;M;2833.0
BG16_A65_M;BG;16;A65;M;2906.0
BG17_A65_M;BG;17;A65;M;3041.0
BG18_A65_M;BG;18;A65;M;3184.0
BG19_A65_M;BG;19;A65;M;3409.0
BG20_A65_M;BG;20;A65;M;3661.0
BG21_A65_M;BG;21;A65;M;4404.0
BG22_A65_M;BG;22;A65;M;4767.0
BG23_A65_M;BG;23;A65;M;5881.0
BG24_A65_M;BG;24;A65;M;7165.0
CZ15_A65_M;CZ;15;A65;M;6538.0
CZ16_A65_M;CZ;16;A65;M;6793.0
CZ17_A65_M;CZ;17;A65;M;7050.0
CZ18_A65_M;CZ;18;A65;M;7480.0
CZ19_A65_M;CZ;19;A65;M;8083.0
CZ20_A65_M;CZ;20;A65;M;8695.0
CZ21_A65_M;CZ;21;A65;M;9304.0
CZ22_A65_M;CZ;22;A65;M;10028.0
CZ23_A65_M;CZ;23;A65;M;11582.0
CZ24_A65_M;CZ;24;A65;M;13712.0
DK15_A65_M;DK;15;A65;M;23568.0
DK16_A65_M;DK;16;A65;M;23615.0
DK17_A65_M;DK;17;A65;M;24522.0
DK18_A65_M;DK;18;A65;M;25141.0
DK19_A65_M;DK;19;A65;M;25014.0
DK20_A65_M;DK;20;A65;M;26093.0
DK21_A65_M;DK;21;A65;M;26887.0
DK22_A65_M;DK;22;A65;M;27697.0
DK23_A65_M;DK;23;A65;M;28639.0
DK24_A65_M;DK;24;A65;M;29229.0
DE15_A65_M;DE;15;A65;M;19274.0
DE16_A65_M;DE;16;A65;M;19359.0
DE17_A65_M;DE;17;A65;M;19949.0
DE18_A65_M;DE;18;A65;M;20445.0
DE19_A65_M;DE;19;A65;M;21034.0
DE20_A65_M;DE;20;A65;M;22982.0
DE21_A65_M;DE;21;A65;M;22813.0
DE22_A65_M;DE;22;A65;M;22516.0
DE23_A65_M;DE;23;A65;M;23892.0
DE24_A65_M;DE;24;A65;M;24837.0
EE15_A65_M;EE;15;A65;M;5917.0
EE16_A65_M;EE;16;A65;M;6220.0
EE17_A65_M;EE;17;A65;M;6592.0
EE18_A65_M;EE;18;A65;M;7021.0
EE19_A65_M;EE;19;A65;M;7890.0
EE20_A65_M;EE;20;A65;M;8419.0
EE21_A65_M;EE;21;A65;M;9073.0
EE22_A65_M;EE;22;A65;M;9310.0
EE23_A65_M;EE;23;A65;M;10002.0
EE24_A65_M;EE;24;A65;M;11907.0
IE15_A65_M;IE;15;A65;M;20276.0
IE16_A65_M;IE;16;A65;M;20795.0
IE17_A65_M;IE;17;A65;M;20721.0
IE18_A65_M;IE;18;A65;M;22215.0
IE19_A65_M;IE;19;A65;M;24495.0
IE20_A65_M;IE;20;A65;M;24661.0
IE21_A65_M;IE;21;A65;M;26677.0
IE22_A65_M;IE;22;A65;M;26528.0
IE23_A65_M;IE;23;A65;M;29288.0
IE24_A65_M;IE;24;A65;M;30993.0
GR15_A65_M;GR;15;A65;M;8040.0
GR16_A65_M;GR;16;A65;M;8087.0
GR17_A65_M;GR;17;A65;M;8089.0
GR18_A65_M;GR;18;A65;M;8240.0
GR19_A65_M;GR;19;A65;M;8535.0
GR20_A65_M;GR;20;A65;M;9208.0
GR21_A65_M;GR;21;A65;M;9267.0
GR22_A65_M;GR;22;A65;M;9820.0
GR23_A65_M;GR;23;A65;M;10250.0
GR24_A65_M;GR;24;A65;M;10713.0
ES15_A65_M;ES;15;A65;M;14174.0
ES16_A65_M;ES;16;A65;M;14406.0
ES17_A65_M;ES;17;A65;M;14662.0
ES18_A65_M;ES;18;A65;M;15123.0
ES19_A65_M;ES;19;A65;M;15748.0
ES20_A65_M;ES;20;A65;M;16814.0
ES21_A65_M;ES;21;A65;M;17262.0
ES22_A65_M;ES;22;A65;M;17831.0
ES23_A65_M;ES;23;A65;M;19378.0
ES24_A65_M;ES;24;A65;M;21247.0
FR15_A65_M;FR;15;A65;M;23400.0
FR16_A65_M;FR;16;A65;M;22943.0
FR17_A65_M;FR;17;A65;M;23356.0
FR18_A65_M;FR;18;A65;M;23796.0
FR19_A65_M;FR;19;A65;M;23297.0
FR20_A65_M;FR;20;A65;M;22519.0
FR21_A65_M;FR;21;A65;M;22615.0
FR22_A65_M;FR;22;A65;M;22768.0
FR23_A65_M;FR;23;A65;M;23729.0
FR24_A65_M;FR;24;A65;M;25416.0
HR15_A65_M;HR;15;A65;M;5164.0
HR16_A65_M;HR;16;A65;M;5318.0
HR17_A65_M;HR;17;A65;M;5588.0
HR18_A65_M;HR;18;A65;M;5840.0
HR19_A65_M;HR;19;A65;M;6148.0
HR20_A65_M;HR;20;A65;M;6657.0
HR21_A65_M;HR;21;A65;M;6742.0
HR22_A65_M;HR;22;A65;M;7202.0
HR23_A65_M;HR;23;A65;M;7889.0
HR24_A65_M;HR;24;A65;M;9628.0
IT15_A65_M;IT;15;A65;M;16512.0
IT16_A65_M;IT;16;A65;M;17295.0
IT17_A65_M;IT;17;A65;M;17523.0
IT18_A65_M;IT;18;A65;M;17755.0
IT19_A65_M;IT;19;A65;M;18280.0
IT20_A65_M;IT;20;A65;M;19020.0
IT21_A65_M;IT;21;A65;M;19151.0
IT22_A65_M;IT;22;A65;M;19174.0
IT23_A65_M;IT;23;A65;M;20617.0
IT24_A65_M;IT;24;A65;M;21780.0
CY15_A65_M;CY;15;A65;M;12434.0
CY16_A65_M;CY;16;A65;M;12541.0
CY17_A65_M;CY;17;A65;M;12741.0
CY18_A65_M;CY;18;A65;M;13386.0
CY19_A65_M;CY;19;A65;M;14211.0
CY20_A65_M;CY;20;A65;M;15054.0
CY21_A65_M;CY;21;A65;M;14767.0
CY22_A65_M;CY;22;A65;M;15136.0
CY23_A65_M;CY;23;A65;M;15728.0
CY24_A65_M;CY;24;A65;M;17145.0
LV15_A65_M;LV;15;A65;M;4548.0
LV16_A65_M;LV;16;A65;M;4674.0
LV17_A65_M;LV;17;A65;M;4807.0
LV18_A65_M;LV;18;A65;M;5149.0
LV19_A65_M;LV;19;A65;M;5419.0
LV20_A65_M;LV;20;A65;M;6361.0
LV21_A65_M;LV;21;A65;M;7050.0
LV22_A65_M;LV;22;A65;M;8094.0
LV23_A65_M;LV;23;A65;M;8602.0
LV24_A65_M;LV;24;A65;M;9600.0
LT15_A65_M;LT;15;A65;M;4413.0
LT16_A65_M;LT;16;A65;M;4829.0
LT17_A65_M;LT;17;A65;M;5099.0
LT18_A65_M;LT;18;A65;M;5395.0
LT19_A65_M;LT;19;A65;M;6216.0
LT20_A65_M;LT;20;A65;M;6768.0
LT21_A65_M;LT;21;A65;M;7513.0
LT22_A65_M;LT;22;A65;M;7802.0
LT23_A65_M;LT;23;A65;M;8892.0
LT24_A65_M;LT;24;A65;M;9413.0
LU15_A65_M;LU;15;A65;M;38865.0
LU16_A65_M;LU;16;A65;M;39840.0
LU17_A65_M;LU;17;A65;M;41102.0
LU18_A65_M;LU;18;A65;M;42673.0
LU19_A65_M;LU;19;A65;M;44892.0
LU20_A65_M;LU;20;A65;M;47432.0
LU21_A65_M;LU;21;A65;M;50531.0
LU22_A65_M;LU;22;A65;M;50533.0
LU23_A65_M;LU;23;A65;M;53711.0
LU24_A65_M;LU;24;A65;M;59430.0
HU15_A65_M;HU;15;A65;M;4982.0
HU16_A65_M;HU;16;A65;M;5031.0
HU17_A65_M;HU;17;A65;M;5260.0
HU18_A65_M;HU;18;A65;M;5672.0
HU19_A65_M;HU;19;A65;M;5796.0
HU20_A65_M;HU;20;A65;M;6156.0
HU21_A65_M;HU;21;A65;M;6352.0
HU22_A65_M;HU;22;A65;M;7114.0
HU23_A65_M;HU;23;A65;M;6773.0
HU24_A65_M;HU;24;A65;M;8903.0
MT15_A65_M;MT;15;A65;M;11078.0
MT16_A65_M;MT;16;A65;M;10772.0
MT17_A65_M;MT;17;A65;M;11390.0
MT18_A65_M;MT;18;A65;M;11859.0
MT19_A65_M;MT;19;A65;M;12321.0
MT20_A65_M;MT;20;A65;M;13484.0
MT21_A65_M;MT;21;A65;M;13839.0
MT22_A65_M;MT;22;A65;M;14478.0
MT23_A65_M;MT;23;A65;M;14490.0
MT24_A65_M;MT;24;A65;M;16021.0
NL15_A65_M;NL;15;A65;M;19842.0
NL16_A65_M;NL;16;A65;M;20269.0
NL17_A65_M;NL;17;A65;M;20664.0
NL18_A65_M;NL;18;A65;M;21243.0
NL19_A65_M;NL;19;A65;M;21609.0
NL20_A65_M;NL;20;A65;M;22351.0
NL21_A65_M;NL;21;A65;M;23112.0
NL22_A65_M;NL;22;A65;M;24079.0
NL23_A65_M;NL;23;A65;M;25193.0
NL24_A65_M;NL;24;A65;M;27557.0
AT15_A65_M;AT;15;A65;M;24434.0
AT16_A65_M;AT;16;A65;M;24438.0
AT17_A65_M;AT;17;A65;M;25658.0
AT18_A65_M;AT;18;A65;M;25742.0
AT19_A65_M;AT;19;A65;M;26489.0
AT20_A65_M;AT;20;A65;M;27204.0
AT21_A65_M;AT;21;A65;M;28024.0
AT22_A65_M;AT;22;A65;M;27877.0
AT23_A65_M;AT;23;A65;M;30988.0
AT24_A65_M;AT;24;A65;M;33518.0
PL15_A65_M;PL;15;A65;M;5871.0
PL16_A65_M;PL;16;A65;M;6218.0
PL17_A65_M;PL;17;A65;M;6013.0
PL18_A65_M;PL;18;A65;M;6467.0
PL19_A65_M;PL;19;A65;M;6880.0
PL20_A65_M;PL;20;A65;M;7523.0
PL21_A65_M;PL;21;A65;M;7795.0
PL22_A65_M;PL;22;A65;M;8615.0
PL23_A65_M;PL;23;A65;M;9313.0
PL24_A65_M;PL;24;A65;M;11322.0
PT15_A65_M;PT;15;A65;M;8464.0
PT16_A65_M;PT;16;A65;M;8762.0
PT17_A65_M;PT;17;A65;M;9058.0
PT18_A65_M;PT;18;A65;M;9125.0
PT19_A65_M;PT;19;A65;M;9845.0
PT20_A65_M;PT;20;A65;M;10556.0
PT21_A65_M;PT;21;A65;M;10976.0
PT22_A65_M;PT;22;A65;M;11223.0
PT23_A65_M;PT;23;A65;M;11783.0
PT24_A65_M;PT;24;A65;M;12030.0
RO15_A65_M;RO;15;A65;M;2575.0
RO16_A65_M;RO;16;A65;M;2712.0
RO17_A65_M;RO;17;A65;M;2987.0
RO18_A65_M;RO;18;A65;M;3283.0
RO19_A65_M;RO;19;A65;M;3691.0
RO20_A65_M;RO;20;A65;M;4187.0
RO21_A65_M;RO;21;A65;M;4499.0
RO22_A65_M;RO;22;A65;M;5662.0
RO23_A65_M;RO;23;A65;M;6591.0
RO24_A65_M;RO;24;A65;M;7574.0
SI15_A65_M;SI;15;A65;M;12395.0
SI16_A65_M;SI;16;A65;M;12164.0
SI17_A65_M;SI;17;A65;M;11962.0
SI18_A65_M;SI;18;A65;M;12234.0
SI19_A65_M;SI;19;A65;M;12777.0
SI20_A65_M;SI;20;A65;M;13493.0
SI21_A65_M;SI;21;A65;M;14145.0
SI22_A65_M;SI;22;A65;M;14570.0
SI23_A65_M;SI;23;A65;M;15884.0
SI24_A65_M;SI;24;A65;M;16968.0
SK15_A65_M;SK;15;A65;M;6654.0
SK16_A65_M;SK;16;A65;M;6699.0
SK17_A65_M;SK;17;A65;M;6755.0
SK18_A65_M;SK;18;A65;M;7153.0
SK19_A65_M;SK;19;A65;M;7385.0
SK20_A65_M;SK;20;A65;M;7791.0
SK21_A65_M;SK;21;A65;M;8122.0
SK22_A65_M;SK;22;A65;M;8568.0
SK23_A65_M;SK;23;A65;M;9457.0
SK24_A65_M;SK;24;A65;M;10775.0
FI15_A65_M;FI;15;A65;M;21659.0
FI16_A65_M;FI;16;A65;M;21910.0
FI17_A65_M;FI;17;A65;M;22368.0
FI18_A65_M;FI;18;A65;M;22785.0
FI19_A65_M;FI;19;A65;M;22969.0
FI20_A65_M;FI;20;A65;M;23448.0
FI21_A65_M;FI;21;A65;M;23447.0
FI22_A65_M;FI;22;A65;M;23871.0
FI23_A65_M;FI;23;A65;M;24615.0
FI24_A65_M;FI;24;A65;M;26795.0
SE15_A65_M;SE;15;A65;M;22790.0
SE16_A65_M;SE;16;A65;M;22227.0
SE17_A65_M;SE;17;A65;M;22686.0
SE18_A65_M;SE;18;A65;M;23541.0
SE19_A65_M;SE;19;A65;M;22647.0
SE20_A65_M;SE;20;A65;M;22760.0
SE21_A65_M;SE;21;A65;M;23470.0
SE22_A65_M;SE;22;A65;M;24658.0
SE23_A65_M;SE;23;A65;M;24876.0
SE24_A65_M;SE;24;A65;M;25437.0
EU15_A50_F;EU;15;A50;F;16637.0
EU16_A50_F;EU;16;A50;F;17145.0
EU17_A50_F;EU;17;A50;F;17850.0
EU18_A50_F;EU;18;A50;F;18378.0
EU19_A50_F;EU;19;A50;F;18802.0
EU20_A50_F;EU;20;A50;F;20052.0
EU21_A50_F;EU;21;A50;F;20031.0
EU22_A50_F;EU;22;A50;F;20883.0
EU23_A50_F;EU;23;A50;F;22150.0
EU24_A50_F;EU;24;A50;F;23525.0
BE15_A50_F;BE;15;A50;F;23336.0
BE16_A50_F;BE;16;A50;F;22904.0
BE17_A50_F;BE;17;A50;F;23334.0
BE18_A50_F;BE;18;A50;F;24916.0
BE19_A50_F;BE;19;A50;F;25870.0
BE20_A50_F;BE;20;A50;F;27273.0
BE21_A50_F;BE;21;A50;F;27348.0
BE22_A50_F;BE;22;A50;F;29058.0
BE23_A50_F;BE;23;A50;F;30525.0
BE24_A50_F;BE;24;A50;F;33403.0
BG15_A50_F;BG;15;A50;F;3752.0
BG16_A50_F;BG;16;A50;F;3720.0
BG17_A50_F;BG;17;A50;F;4273.0
BG18_A50_F;BG;18;A50;F;4076.0
BG19_A50_F;BG;19;A50;F;4869.0
BG20_A50_F;BG;20;A50;F;5422.0
BG21_A50_F;BG;21;A50;F;6101.0
BG22_A50_F;BG;22;A50;F;6456.0
BG23_A50_F;BG;23;A50;F;7751.0
BG24_A50_F;BG;24;A50;F;9244.0
CZ15_A50_F;CZ;15;A50;F;7801.0
CZ16_A50_F;CZ;16;A50;F;8231.0
CZ17_A50_F;CZ;17;A50;F;8688.0
CZ18_A50_F;CZ;18;A50;F;9642.0
CZ19_A50_F;CZ;19;A50;F;10559.0
CZ20_A50_F;CZ;20;A50;F;11288.0
CZ21_A50_F;CZ;21;A50;F;11514.0
CZ22_A50_F;CZ;22;A50;F;13627.0
CZ23_A50_F;CZ;23;A50;F;15335.0
CZ24_A50_F;CZ;24;A50;F;17080.0
DK15_A50_F;DK;15;A50;F;33478.0
DK16_A50_F;DK;16;A50;F;33715.0
DK17_A50_F;DK;17;A50;F;34860.0
DK18_A50_F;DK;18;A50;F;36055.0
DK19_A50_F;DK;19;A50;F;37190.0
DK20_A50_F;DK;20;A50;F;37669.0
DK21_A50_F;DK;21;A50;F;38983.0
DK22_A50_F;DK;22;A50;F;40806.0
DK23_A50_F;DK;23;A50;F;41489.0
DK24_A50_F;DK;24;A50;F;43013.0
DE15_A50_F;DE;15;A50;F;21475.0
DE16_A50_F;DE;16;A50;F;22303.0
DE17_A50_F;DE;17;A50;F;23568.0
DE18_A50_F;DE;18;A50;F;23887.0
DE19_A50_F;DE;19;A50;F;24649.0
DE20_A50_F;DE;20;A50;F;28939.0
DE21_A50_F;DE;21;A50;F;27444.0
DE22_A50_F;DE;22;A50;F;27568.0
DE23_A50_F;DE;23;A50;F;28922.0
DE24_A50_F;DE;24;A50;F;30281.0
EE15_A50_F;EE;15;A50;F;8767.0
EE16_A50_F;EE;16;A50;F;9285.0
EE17_A50_F;EE;17;A50;F;10084.0
EE18_A50_F;EE;18;A50;F;11259.0
EE19_A50_F;EE;19;A50;F;12027.0
EE20_A50_F;EE;20;A50;F;12746.0
EE21_A50_F;EE;21;A50;F;13357.0
EE22_A50_F;EE;22;A50;F;15643.0
EE23_A50_F;EE;23;A50;F;16059.0
EE24_A50_F;EE;24;A50;F;17102.0
IE15_A50_F;IE;15;A50;F;22146.0
IE16_A50_F;IE;16;A50;F;23559.0
IE17_A50_F;IE;17;A50;F;25094.0
IE18_A50_F;IE;18;A50;F;27323.0
IE19_A50_F;IE;19;A50;F;26778.0
IE20_A50_F;IE;20;A50;F;28631.0
IE21_A50_F;IE;21;A50;F;30824.0
IE22_A50_F;IE;22;A50;F;33016.0
IE23_A50_F;IE;23;A50;F;33278.0
IE24_A50_F;IE;24;A50;F;35942.0
GR15_A50_F;GR;15;A50;F;8150.0
GR16_A50_F;GR;16;A50;F;8184.0
GR17_A50_F;GR;17;A50;F;8176.0
GR18_A50_F;GR;18;A50;F;8511.0
GR19_A50_F;GR;19;A50;F;8995.0
GR20_A50_F;GR;20;A50;F;9550.0
GR21_A50_F;GR;21;A50;F;9475.0
GR22_A50_F;GR;22;A50;F;10100.0
GR23_A50_F;GR;23;A50;F;10860.0
GR24_A50_F;GR;24;A50;F;11701.0
ES15_A50_F;ES;15;A50;F;14829.0
ES16_A50_F;ES;16;A50;F;14825.0
ES17_A50_F;ES;17;A50;F;15698.0
ES18_A50_F;ES;18;A50;F;16300.0
ES19_A50_F;ES;19;A50;F;16776.0
ES20_A50_F;ES;20;A50;F;17500.0
ES21_A50_F;ES;21;A50;F;17077.0
ES22_A50_F;ES;22;A50;F;18009.0
ES23_A50_F;ES;23;A50;F;19361.0
ES24_A50_F;ES;24;A50;F;20874.0
FR15_A50_F;FR;15;A50;F;23366.0
FR16_A50_F;FR;16;A50;F;23435.0
FR17_A50_F;FR;17;A50;F;24000.0
FR18_A50_F;FR;18;A50;F;24225.0
FR19_A50_F;FR;19;A50;F;24268.0
FR20_A50_F;FR;20;A50;F;23868.0
FR21_A50_F;FR;21;A50;F;24079.0
FR22_A50_F;FR;22;A50;F;24942.0
FR23_A50_F;FR;23;A50;F;26144.0
FR24_A50_F;FR;24;A50;F;26997.0
HR15_A50_F;HR;15;A50;F;5773.0
HR16_A50_F;HR;16;A50;F;5988.0
HR17_A50_F;HR;17;A50;F;6375.0
HR18_A50_F;HR;18;A50;F;6776.0
HR19_A50_F;HR;19;A50;F;7388.0
HR20_A50_F;HR;20;A50;F;7963.0
HR21_A50_F;HR;21;A50;F;8492.0
HR22_A50_F;HR;22;A50;F;9222.0
HR23_A50_F;HR;23;A50;F;10730.0
HR24_A50_F;HR;24;A50;F;13340.0
IT15_A50_F;IT;15;A50;F;17598.0
IT16_A50_F;IT;16;A50;F;18100.0
IT17_A50_F;IT;17;A50;F;18239.0
IT18_A50_F;IT;18;A50;F;18440.0
IT19_A50_F;IT;19;A50;F;18652.0
IT20_A50_F;IT;20;A50;F;19420.0
IT21_A50_F;IT;21;A50;F;19310.0
IT22_A50_F;IT;22;A50;F;20169.0
IT23_A50_F;IT;23;A50;F;21348.0
IT24_A50_F;IT;24;A50;F;21832.0
CY15_A50_F;CY;15;A50;F;15257.0
CY16_A50_F;CY;16;A50;F;15303.0
CY17_A50_F;CY;17;A50;F;15394.0
CY18_A50_F;CY;18;A50;F;16624.0
CY19_A50_F;CY;19;A50;F;17843.0
CY20_A50_F;CY;20;A50;F;18294.0
CY21_A50_F;CY;21;A50;F;18698.0
CY22_A50_F;CY;22;A50;F;19270.0
CY23_A50_F;CY;23;A50;F;20732.0
CY24_A50_F;CY;24;A50;F;22941.0
LV15_A50_F;LV;15;A50;F;5982.0
LV16_A50_F;LV;16;A50;F;6412.0
LV17_A50_F;LV;17;A50;F;6949.0
LV18_A50_F;LV;18;A50;F;7453.0
LV19_A50_F;LV;19;A50;F;7798.0
LV20_A50_F;LV;20;A50;F;8740.0
LV21_A50_F;LV;21;A50;F;9210.0
LV22_A50_F;LV;22;A50;F;10010.0
LV23_A50_F;LV;23;A50;F;11022.0
LV24_A50_F;LV;24;A50;F;12466.0
LT15_A50_F;LT;15;A50;F;5833.0
LT16_A50_F;LT;16;A50;F;6241.0
LT17_A50_F;LT;17;A50;F;6854.0
LT18_A50_F;LT;18;A50;F;7689.0
LT19_A50_F;LT;19;A50;F;8635.0
LT20_A50_F;LT;20;A50;F;9289.0
LT21_A50_F;LT;21;A50;F;10051.0
LT22_A50_F;LT;22;A50;F;10739.0
LT23_A50_F;LT;23;A50;F;12320.0
LT24_A50_F;LT;24;A50;F;13548.0
LU15_A50_F;LU;15;A50;F;37540.0
LU16_A50_F;LU;16;A50;F;36461.0
LU17_A50_F;LU;17;A50;F;38549.0
LU18_A50_F;LU;18;A50;F;38059.0
LU19_A50_F;LU;19;A50;F;38491.0
LU20_A50_F;LU;20;A50;F;39093.0
LU21_A50_F;LU;21;A50;F;43550.0
LU22_A50_F;LU;22;A50;F;46650.0
LU23_A50_F;LU;23;A50;F;48268.0
LU24_A50_F;LU;24;A50;F;51469.0
HU15_A50_F;HU;15;A50;F;4812.0
HU16_A50_F;HU;16;A50;F;4945.0
HU17_A50_F;HU;17;A50;F;5246.0
HU18_A50_F;HU;18;A50;F;5607.0
HU19_A50_F;HU;19;A50;F;6129.0
HU20_A50_F;HU;20;A50;F;6783.0
HU21_A50_F;HU;21;A50;F;6902.0
HU22_A50_F;HU;22;A50;F;7054.0
HU23_A50_F;HU;23;A50;F;7973.0
HU24_A50_F;HU;24;A50;F;8995.0
MT15_A50_F;MT;15;A50;F;14015.0
MT16_A50_F;MT;16;A50;F;14494.0
MT17_A50_F;MT;17;A50;F;14943.0
MT18_A50_F;MT;18;A50;F;14988.0
MT19_A50_F;MT;19;A50;F;15678.0
MT20_A50_F;MT;20;A50;F;16406.0
MT21_A50_F;MT;21;A50;F;17146.0
MT22_A50_F;MT;22;A50;F;19007.0
MT23_A50_F;MT;23;A50;F;20710.0
MT24_A50_F;MT;24;A50;F;23470.0
NL15_A50_F;NL;15;A50;F;22285.0
NL16_A50_F;NL;16;A50;F;24472.0
NL17_A50_F;NL;17;A50;F;25136.0
NL18_A50_F;NL;18;A50;F;25857.0
NL19_A50_F;NL;19;A50;F;26049.0
NL20_A50_F;NL;20;A50;F;27290.0
NL21_A50_F;NL;21;A50;F;29905.0
NL22_A50_F;NL;22;A50;F;31240.0
NL23_A50_F;NL;23;A50;F;31806.0
NL24_A50_F;NL;24;A50;F;35114.0
AT15_A50_F;AT;15;A50;F;26440.0
AT16_A50_F;AT;16;A50;F;26907.0
AT17_A50_F;AT;17;A50;F;28083.0
AT18_A50_F;AT;18;A50;F;28007.0
AT19_A50_F;AT;19;A50;F;28436.0
AT20_A50_F;AT;20;A50;F;29295.0
AT21_A50_F;AT;21;A50;F;30488.0
AT22_A50_F;AT;22;A50;F;30576.0
AT23_A50_F;AT;23;A50;F;34656.0
AT24_A50_F;AT;24;A50;F;36456.0
PL15_A50_F;PL;15;A50;F;5730.0
PL16_A50_F;PL;16;A50;F;6024.0
PL17_A50_F;PL;17;A50;F;6059.0
PL18_A50_F;PL;18;A50;F;6545.0
PL19_A50_F;PL;19;A50;F;7132.0
PL20_A50_F;PL;20;A50;F;7986.0
PL21_A50_F;PL;21;A50;F;8239.0
PL22_A50_F;PL;22;A50;F;9281.0
PL23_A50_F;PL;23;A50;F;10529.0
PL24_A50_F;PL;24;A50;F;12499.0
PT15_A50_F;PT;15;A50;F;8552.0
PT16_A50_F;PT;16;A50;F;9204.0
PT17_A50_F;PT;17;A50;F;9408.0
PT18_A50_F;PT;18;A50;F;9740.0
PT19_A50_F;PT;19;A50;F;10395.0
PT20_A50_F;PT;20;A50;F;11427.0
PT21_A50_F;PT;21;A50;F;11223.0
PT22_A50_F;PT;22;A50;F;11454.0
PT23_A50_F;PT;23;A50;F;12108.0
PT24_A50_F;PT;24;A50;F;13309.0
RO15_A50_F;RO;15;A50;F;2629.0
RO16_A50_F;RO;16;A50;F;2784.0
RO17_A50_F;RO;17;A50;F;3045.0
RO18_A50_F;RO;18;A50;F;3587.0
RO19_A50_F;RO;19;A50;F;4058.0
RO20_A50_F;RO;20;A50;F;4550.0
RO21_A50_F;RO;21;A50;F;4960.0
RO22_A50_F;RO;22;A50;F;5920.0
RO23_A50_F;RO;23;A50;F;6743.0
RO24_A50_F;RO;24;A50;F;8253.0
SI15_A50_F;SI;15;A50;F;12464.0
SI16_A50_F;SI;16;A50;F;12458.0
SI17_A50_F;SI;17;A50;F;12962.0
SI18_A50_F;SI;18;A50;F;13457.0
SI19_A50_F;SI;19;A50;F;14183.0
SI20_A50_F;SI;20;A50;F;15300.0
SI21_A50_F;SI;21;A50;F;15749.0
SI22_A50_F;SI;22;A50;F;17274.0
SI23_A50_F;SI;23;A50;F;18689.0
SI24_A50_F;SI;24;A50;F;20561.0
SK15_A50_F;SK;15;A50;F;7616.0
SK16_A50_F;SK;16;A50;F;7598.0
SK17_A50_F;SK;17;A50;F;7690.0
SK18_A50_F;SK;18;A50;F;8275.0
SK19_A50_F;SK;19;A50;F;8954.0
SK20_A50_F;SK;20;A50;F;9558.0
SK21_A50_F;SK;21;A50;F;9372.0
SK22_A50_F;SK;22;A50;F;9685.0
SK23_A50_F;SK;23;A50;F;10307.0
SK24_A50_F;SK;24;A50;F;10820.0
FI15_A50_F;FI;15;A50;F;27241.0
FI16_A50_F;FI;16;A50;F;27364.0
FI17_A50_F;FI;17;A50;F;27731.0
FI18_A50_F;FI;18;A50;F;28664.0
FI19_A50_F;FI;19;A50;F;29186.0
FI20_A50_F;FI;20;A50;F;29707.0
FI21_A50_F;FI;21;A50;F;29493.0
FI22_A50_F;FI;22;A50;F;30389.0
FI23_A50_F;FI;23;A50;F;31884.0
FI24_A50_F;FI;24;A50;F;34387.0
SE15_A50_F;SE;15;A50;F;31544.0
SE16_A50_F;SE;16;A50;F;31374.0
SE17_A50_F;SE;17;A50;F;31781.0
SE18_A50_F;SE;18;A50;F;31878.0
SE19_A50_F;SE;19;A50;F;29777.0
SE20_A50_F;SE;20;A50;F;30742.0
SE21_A50_F;SE;21;A50;F;31170.0
SE22_A50_F;SE;22;A50;F;33541.0
SE23_A50_F;SE;23;A50;F;33819.0
SE24_A50_F;SE;24;A50;F;33756.0
EU15_A50_M;EU;15;A50;M;17206.0
EU16_A50_M;EU;16;A50;M;17748.0
EU17_A50_M;EU;17;A50;M;18380.0
EU18_A50_M;EU;18;A50;M;18978.0
EU19_A50_M;EU;19;A50;M;19551.0
EU20_A50_M;EU;20;A50;M;20934.0
EU21_A50_M;EU;21;A50;M;20794.0
EU22_A50_M;EU;22;A50;M;21700.0
EU23_A50_M;EU;23;A50;M;23061.0
EU24_A50_M;EU;24;A50;M;24325.0
BE15_A50_M;BE;15;A50;M;24295.0
BE16_A50_M;BE;16;A50;M;24018.0
BE17_A50_M;BE;17;A50;M;24620.0
BE18_A50_M;BE;18;A50;M;25956.0
BE19_A50_M;BE;19;A50;M;26759.0
BE20_A50_M;BE;20;A50;M;28135.0
BE21_A50_M;BE;21;A50;M;28240.0
BE22_A50_M;BE;22;A50;M;30278.0
BE23_A50_M;BE;23;A50;M;31879.0
BE24_A50_M;BE;24;A50;M;34476.0
BG15_A50_M;BG;15;A50;M;3876.0
BG16_A50_M;BG;16;A50;M;3839.0
BG17_A50_M;BG;17;A50;M;4342.0
BG18_A50_M;BG;18;A50;M;4090.0
BG19_A50_M;BG;19;A50;M;4956.0
BG20_A50_M;BG;20;A50;M;5492.0
BG21_A50_M;BG;21;A50;M;5930.0
BG22_A50_M;BG;22;A50;M;6333.0
BG23_A50_M;BG;23;A50;M;7530.0
BG24_A50_M;BG;24;A50;M;8859.0
CZ15_A50_M;CZ;15;A50;M;8201.0
CZ16_A50_M;CZ;16;A50;M;8719.0
CZ17_A50_M;CZ;17;A50;M;9228.0
CZ18_A50_M;CZ;18;A50;M;10182.0
CZ19_A50_M;CZ;19;A50;M;11296.0
CZ20_A50_M;CZ;20;A50;M;12373.0
CZ21_A50_M;CZ;21;A50;M;12139.0
CZ22_A50_M;CZ;22;A50;M;14204.0
CZ23_A50_M;CZ;23;A50;M;15842.0
CZ24_A50_M;CZ;24;A50;M;17303.0
DK15_A50_M;DK;15;A50;M;34406.0
DK16_A50_M;DK;16;A50;M;35094.0
DK17_A50_M;DK;17;A50;M;35798.0
DK18_A50_M;DK;18;A50;M;37027.0
DK19_A50_M;DK;19;A50;M;38601.0
DK20_A50_M;DK;20;A50;M;39532.0
DK21_A50_M;DK;21;A50;M;40858.0
DK22_A50_M;DK;22;A50;M;42040.0
DK23_A50_M;DK;23;A50;M;42858.0
DK24_A50_M;DK;24;A50;M;43899.0
DE15_A50_M;DE;15;A50;M;23234.0
DE16_A50_M;DE;16;A50;M;24291.0
DE17_A50_M;DE;17;A50;M;24856.0
DE18_A50_M;DE;18;A50;M;25693.0
DE19_A50_M;DE;19;A50;M;26351.0
DE20_A50_M;DE;20;A50;M;30068.0
DE21_A50_M;DE;21;A50;M;28550.0
DE22_A50_M;DE;22;A50;M;28464.0
DE23_A50_M;DE;23;A50;M;30000.0
DE24_A50_M;DE;24;A50;M;31620.0
EE15_A50_M;EE;15;A50;M;8681.0
EE16_A50_M;EE;16;A50;M;9599.0
EE17_A50_M;EE;17;A50;M;10335.0
EE18_A50_M;EE;18;A50;M;11683.0
EE19_A50_M;EE;19;A50;M;12042.0
EE20_A50_M;EE;20;A50;M;12722.0
EE21_A50_M;EE;21;A50;M;13220.0
EE22_A50_M;EE;22;A50;M;15159.0
EE23_A50_M;EE;23;A50;M;16135.0
EE24_A50_M;EE;24;A50;M;17003.0
IE15_A50_M;IE;15;A50;M;22872.0
IE16_A50_M;IE;16;A50;M;23527.0
IE17_A50_M;IE;17;A50;M;24393.0
IE18_A50_M;IE;18;A50;M;26766.0
IE19_A50_M;IE;19;A50;M;26733.0
IE20_A50_M;IE;20;A50;M;28664.0
IE21_A50_M;IE;21;A50;M;31357.0
IE22_A50_M;IE;22;A50;M;32627.0
IE23_A50_M;IE;23;A50;M;32935.0
IE24_A50_M;IE;24;A50;M;35496.0
GR15_A50_M;GR;15;A50;M;7843.0
GR16_A50_M;GR;16;A50;M;7961.0
GR17_A50_M;GR;17;A50;M;8118.0
GR18_A50_M;GR;18;A50;M;8370.0
GR19_A50_M;GR;19;A50;M;8885.0
GR20_A50_M;GR;20;A50;M;9345.0
GR21_A50_M;GR;21;A50;M;9102.0
GR22_A50_M;GR;22;A50;M;10060.0
GR23_A50_M;GR;23;A50;M;10688.0
GR24_A50_M;GR;24;A50;M;11641.0
ES15_A50_M;ES;15;A50;M;14377.0
ES16_A50_M;ES;16;A50;M;14469.0
ES17_A50_M;ES;17;A50;M;15613.0
ES18_A50_M;ES;18;A50;M;15648.0
ES19_A50_M;ES;19;A50;M;16107.0
ES20_A50_M;ES;20;A50;M;17216.0
ES21_A50_M;ES;21;A50;M;17009.0
ES22_A50_M;ES;22;A50;M;17989.0
ES23_A50_M;ES;23;A50;M;19664.0
ES24_A50_M;ES;24;A50;M;20693.0
FR15_A50_M;FR;15;A50;M;23320.0
FR16_A50_M;FR;16;A50;M;23349.0
FR17_A50_M;FR;17;A50;M;24066.0
FR18_A50_M;FR;18;A50;M;24538.0
FR19_A50_M;FR;19;A50;M;25179.0
FR20_A50_M;FR;20;A50;M;24786.0
FR21_A50_M;FR;21;A50;M;25515.0
FR22_A50_M;FR;22;A50;M;26231.0
FR23_A50_M;FR;23;A50;M;27547.0
FR24_A50_M;FR;24;A50;M;28166.0
HR15_A50_M;HR;15;A50;M;5797.0
HR16_A50_M;HR;16;A50;M;6199.0
HR17_A50_M;HR;17;A50;M;6497.0
HR18_A50_M;HR;18;A50;M;6886.0
HR19_A50_M;HR;19;A50;M;7491.0
HR20_A50_M;HR;20;A50;M;8282.0
HR21_A50_M;HR;21;A50;M;8562.0
HR22_A50_M;HR;22;A50;M;9487.0
HR23_A50_M;HR;23;A50;M;10601.0
HR24_A50_M;HR;24;A50;M;13579.0
IT15_A50_M;IT;15;A50;M;18003.0
IT16_A50_M;IT;16;A50;M;18195.0
IT17_A50_M;IT;17;A50;M;18464.0
IT18_A50_M;IT;18;A50;M;18858.0
IT19_A50_M;IT;19;A50;M;19329.0
IT20_A50_M;IT;20;A50;M;19839.0
IT21_A50_M;IT;21;A50;M;19216.0
IT22_A50_M;IT;22;A50;M;20850.0
IT23_A50_M;IT;23;A50;M;22070.0
IT24_A50_M;IT;24;A50;M;22815.0
CY15_A50_M;CY;15;A50;M;15356.0
CY16_A50_M;CY;16;A50;M;15674.0
CY17_A50_M;CY;17;A50;M;15649.0
CY18_A50_M;CY;18;A50;M;17089.0
CY19_A50_M;CY;19;A50;M;18593.0
CY20_A50_M;CY;20;A50;M;19113.0
CY21_A50_M;CY;21;A50;M;19153.0
CY22_A50_M;CY;22;A50;M;19610.0
CY23_A50_M;CY;23;A50;M;21995.0
CY24_A50_M;CY;24;A50;M;23940.0
LV15_A50_M;LV;15;A50;M;6191.0
LV16_A50_M;LV;16;A50;M;6515.0
LV17_A50_M;LV;17;A50;M;7187.0
LV18_A50_M;LV;18;A50;M;7663.0
LV19_A50_M;LV;19;A50;M;8235.0
LV20_A50_M;LV;20;A50;M;8866.0
LV21_A50_M;LV;21;A50;M;9300.0
LV22_A50_M;LV;22;A50;M;10446.0
LV23_A50_M;LV;23;A50;M;11416.0
LV24_A50_M;LV;24;A50;M;13147.0
LT15_A50_M;LT;15;A50;M;5809.0
LT16_A50_M;LT;16;A50;M;6266.0
LT17_A50_M;LT;17;A50;M;6963.0
LT18_A50_M;LT;18;A50;M;7778.0
LT19_A50_M;LT;19;A50;M;8676.0
LT20_A50_M;LT;20;A50;M;9551.0
LT21_A50_M;LT;21;A50;M;10260.0
LT22_A50_M;LT;22;A50;M;10839.0
LT23_A50_M;LT;23;A50;M;11683.0
LT24_A50_M;LT;24;A50;M;12340.0
LU15_A50_M;LU;15;A50;M;38076.0
LU16_A50_M;LU;16;A50;M;36433.0
LU17_A50_M;LU;17;A50;M;38600.0
LU18_A50_M;LU;18;A50;M;36685.0
LU19_A50_M;LU;19;A50;M;38767.0
LU20_A50_M;LU;20;A50;M;38846.0
LU21_A50_M;LU;21;A50;M;45809.0
LU22_A50_M;LU;22;A50;M;47742.0
LU23_A50_M;LU;23;A50;M;50542.0
LU24_A50_M;LU;24;A50;M;53297.0
HU15_A50_M;HU;15;A50;M;4657.0
HU16_A50_M;HU;16;A50;M;4872.0
HU17_A50_M;HU;17;A50;M;5195.0
HU18_A50_M;HU;18;A50;M;5517.0
HU19_A50_M;HU;19;A50;M;6040.0
HU20_A50_M;HU;20;A50;M;7256.0
HU21_A50_M;HU;21;A50;M;7324.0
HU22_A50_M;HU;22;A50;M;7014.0
HU23_A50_M;HU;23;A50;M;8353.0
HU24_A50_M;HU;24;A50;M;8953.0
MT15_A50_M;MT;15;A50;M;14419.0
MT16_A50_M;MT;16;A50;M;14541.0
MT17_A50_M;MT;17;A50;M;14948.0
MT18_A50_M;MT;18;A50;M;14980.0
MT19_A50_M;MT;19;A50;M;15882.0
MT20_A50_M;MT;20;A50;M;17013.0
MT21_A50_M;MT;21;A50;M;17513.0
MT22_A50_M;MT;22;A50;M;19036.0
MT23_A50_M;MT;23;A50;M;21141.0
MT24_A50_M;MT;24;A50;M;23502.0
NL15_A50_M;NL;15;A50;M;23541.0
NL16_A50_M;NL;16;A50;M;25540.0
NL17_A50_M;NL;17;A50;M;26349.0
NL18_A50_M;NL;18;A50;M;27010.0
NL19_A50_M;NL;19;A50;M;28011.0
NL20_A50_M;NL;20;A50;M;29390.0
NL21_A50_M;NL;21;A50;M;31701.0
NL22_A50_M;NL;22;A50;M;32715.0
NL23_A50_M;NL;23;A50;M;34011.0
NL24_A50_M;NL;24;A50;M;36892.0
AT15_A50_M;AT;15;A50;M;26910.0
AT16_A50_M;AT;16;A50;M;27771.0
AT17_A50_M;AT;17;A50;M;28465.0
AT18_A50_M;AT;18;A50;M;29386.0
AT19_A50_M;AT;19;A50;M;29883.0
AT20_A50_M;AT;20;A50;M;30585.0
AT21_A50_M;AT;21;A50;M;30949.0
AT22_A50_M;AT;22;A50;M;31905.0
AT23_A50_M;AT;23;A50;M;35311.0
AT24_A50_M;AT;24;A50;M;37763.0
PL15_A50_M;PL;15;A50;M;5656.0
PL16_A50_M;PL;16;A50;M;5952.0
PL17_A50_M;PL;17;A50;M;5971.0
PL18_A50_M;PL;18;A50;M;6575.0
PL19_A50_M;PL;19;A50;M;7182.0
PL20_A50_M;PL;20;A50;M;8101.0
PL21_A50_M;PL;21;A50;M;8276.0
PL22_A50_M;PL;22;A50;M;9148.0
PL23_A50_M;PL;23;A50;M;10416.0
PL24_A50_M;PL;24;A50;M;12447.0
PT15_A50_M;PT;15;A50;M;8647.0
PT16_A50_M;PT;16;A50;M;9080.0
PT17_A50_M;PT;17;A50;M;9227.0
PT18_A50_M;PT;18;A50;M;9675.0
PT19_A50_M;PT;19;A50;M;10312.0
PT20_A50_M;PT;20;A50;M;11373.0
PT21_A50_M;PT;21;A50;M;11290.0
PT22_A50_M;PT;22;A50;M;11315.0
PT23_A50_M;PT;23;A50;M;12337.0
PT24_A50_M;PT;24;A50;M;13428.0
RO15_A50_M;RO;15;A50;M;2655.0
RO16_A50_M;RO;16;A50;M;2779.0
RO17_A50_M;RO;17;A50;M;3013.0
RO18_A50_M;RO;18;A50;M;3660.0
RO19_A50_M;RO;19;A50;M;4234.0
RO20_A50_M;RO;20;A50;M;4697.0
RO21_A50_M;RO;21;A50;M;5245.0
RO22_A50_M;RO;22;A50;M;5722.0
RO23_A50_M;RO;23;A50;M;7085.0
RO24_A50_M;RO;24;A50;M;8389.0
SI15_A50_M;SI;15;A50;M;12337.0
SI16_A50_M;SI;16;A50;M;12370.0
SI17_A50_M;SI;17;A50;M;13023.0
SI18_A50_M;SI;18;A50;M;13689.0
SI19_A50_M;SI;19;A50;M;14727.0
SI20_A50_M;SI;20;A50;M;15447.0
SI21_A50_M;SI;21;A50;M;15770.0
SI22_A50_M;SI;22;A50;M;17242.0
SI23_A50_M;SI;23;A50;M;19210.0
SI24_A50_M;SI;24;A50;M;20706.0
SK15_A50_M;SK;15;A50;M;7743.0
SK16_A50_M;SK;16;A50;M;7611.0
SK17_A50_M;SK;17;A50;M;7699.0
SK18_A50_M;SK;18;A50;M;8392.0
SK19_A50_M;SK;19;A50;M;8992.0
SK20_A50_M;SK;20;A50;M;9691.0
SK21_A50_M;SK;21;A50;M;9549.0
SK22_A50_M;SK;22;A50;M;9731.0
SK23_A50_M;SK;23;A50;M;10272.0
SK24_A50_M;SK;24;A50;M;10379.0
FI15_A50_M;FI;15;A50;M;27241.0
FI16_A50_M;FI;16;A50;M;27930.0
FI17_A50_M;FI;17;A50;M;27967.0
FI18_A50_M;FI;18;A50;M;28813.0
FI19_A50_M;FI;19;A50;M;30356.0
FI20_A50_M;FI;20;A50;M;30737.0
FI21_A50_M;FI;21;A50;M;29943.0
FI22_A50_M;FI;22;A50;M;31007.0
FI23_A50_M;FI;23;A50;M;33051.0
FI24_A50_M;FI;24;A50;M;35187.0
SE15_A50_M;SE;15;A50;M;32176.0
SE16_A50_M;SE;16;A50;M;32485.0
SE17_A50_M;SE;17;A50;M;32803.0
SE18_A50_M;SE;18;A50;M;32964.0
SE19_A50_M;SE;19;A50;M;31874.0
SE20_A50_M;SE;20;A50;M;31137.0
SE21_A50_M;SE;21;A50;M;31658.0
SE22_A50_M;SE;22;A50;M;34536.0
SE23_A50_M;SE;23;A50;M;34288.0
SE24_A50_M;SE;24;A50;M;34160.0
EU15_A25_F;EU;15;A25;F;15658.0
EU16_A25_F;EU;16;A25;F;16046.0
EU17_A25_F;EU;17;A25;F;16473.0
EU18_A25_F;EU;18;A25;F;17025.0
EU19_A25_F;EU;19;A25;F;17607.0
EU20_A25_F;EU;20;A25;F;18670.0
EU21_A25_F;EU;21;A25;F;18761.0
EU22_A25_F;EU;22;A25;F;19570.0
EU23_A25_F;EU;23;A25;F;20956.0
EU24_A25_F;EU;24;A25;F;22272.0
BE15_A25_F;BE;15;A25;F;23239.0
BE16_A25_F;BE;16;A25;F;24284.0
BE17_A25_F;BE;17;A25;F;24612.0
BE18_A25_F;BE;18;A25;F;25295.0
BE19_A25_F;BE;19;A25;F;25925.0
BE20_A25_F;BE;20;A25;F;27355.0
BE21_A25_F;BE;21;A25;F;27548.0
BE22_A25_F;BE;22;A25;F;29737.0
BE23_A25_F;BE;23;A25;F;31365.0
BE24_A25_F;BE;24;A25;F;33266.0
BG15_A25_F;BG;15;A25;F;3739.0
BG16_A25_F;BG;16;A25;F;3406.0
BG17_A25_F;BG;17;A25;F;4056.0
BG18_A25_F;BG;18;A25;F;3958.0
BG19_A25_F;BG;19;A25;F;4808.0
BG20_A25_F;BG;20;A25;F;5197.0
BG21_A25_F;BG;21;A25;F;5691.0
BG22_A25_F;BG;22;A25;F;5940.0
BG23_A25_F;BG;23;A25;F;7150.0
BG24_A25_F;BG;24;A25;F;8578.0
CZ15_A25_F;CZ;15;A25;F;7905.0
CZ16_A25_F;CZ;16;A25;F;8493.0
CZ17_A25_F;CZ;17;A25;F;8942.0
CZ18_A25_F;CZ;18;A25;F;9754.0
CZ19_A25_F;CZ;19;A25;F;10768.0
CZ20_A25_F;CZ;20;A25;F;11611.0
CZ21_A25_F;CZ;21;A25;F;11487.0
CZ22_A25_F;CZ;22;A25;F;13059.0
CZ23_A25_F;CZ;23;A25;F;14652.0
CZ24_A25_F;CZ;24;A25;F;15917.0
DK15_A25_F;DK;15;A25;F;29843.0
DK16_A25_F;DK;16;A25;F;30676.0
DK17_A25_F;DK;17;A25;F;31448.0
DK18_A25_F;DK;18;A25;F;31599.0
DK19_A25_F;DK;19;A25;F;32542.0
DK20_A25_F;DK;20;A25;F;31965.0
DK21_A25_F;DK;21;A25;F;33693.0
DK22_A25_F;DK;22;A25;F;34950.0
DK23_A25_F;DK;23;A25;F;35013.0
DK24_A25_F;DK;24;A25;F;36287.0
DE15_A25_F;DE;15;A25;F;21777.0
DE16_A25_F;DE;16;A25;F;22394.0
DE17_A25_F;DE;17;A25;F;23016.0
DE18_A25_F;DE;18;A25;F;23937.0
DE19_A25_F;DE;19;A25;F;24711.0
DE20_A25_F;DE;20;A25;F;27400.0
DE21_A25_F;DE;21;A25;F;26370.0
DE22_A25_F;DE;22;A25;F;26371.0
DE23_A25_F;DE;23;A25;F;27774.0
DE24_A25_F;DE;24;A25;F;29426.0
EE15_A25_F;EE;15;A25;F;9365.0
EE16_A25_F;EE;16;A25;F;10065.0
EE17_A25_F;EE;17;A25;F;11166.0
EE18_A25_F;EE;18;A25;F;12277.0
EE19_A25_F;EE;19;A25;F;13387.0
EE20_A25_F;EE;20;A25;F;14174.0
EE21_A25_F;EE;21;A25;F;14903.0
EE22_A25_F;EE;22;A25;F;17760.0
EE23_A25_F;EE;23;A25;F;17721.0
EE24_A25_F;EE;24;A25;F;18492.0
IE15_A25_F;IE;15;A25;F;23152.0
IE16_A25_F;IE;16;A25;F;24025.0
IE17_A25_F;IE;17;A25;F;24824.0
IE18_A25_F;IE;18;A25;F;25710.0
IE19_A25_F;IE;19;A25;F;26768.0
IE20_A25_F;IE;20;A25;F;28233.0
IE21_A25_F;IE;21;A25;F;30331.0
IE22_A25_F;IE;22;A25;F;31099.0
IE23_A25_F;IE;23;A25;F;31388.0
IE24_A25_F;IE;24;A25;F;34181.0
GR15_A25_F;GR;15;A25;F;7462.0
GR16_A25_F;GR;16;A25;F;7400.0
GR17_A25_F;GR;17;A25;F;7575.0
GR18_A25_F;GR;18;A25;F;7891.0
GR19_A25_F;GR;19;A25;F;8270.0
GR20_A25_F;GR;20;A25;F;8717.0
GR21_A25_F;GR;21;A25;F;8850.0
GR22_A25_F;GR;22;A25;F;9848.0
GR23_A25_F;GR;23;A25;F;10334.0
GR24_A25_F;GR;24;A25;F;11347.0
ES15_A25_F;ES;15;A25;F;13452.0
ES16_A25_F;ES;16;A25;F;13888.0
ES17_A25_F;ES;17;A25;F;14212.0
ES18_A25_F;ES;18;A25;F;14846.0
ES19_A25_F;ES;19;A25;F;14921.0
ES20_A25_F;ES;20;A25;F;16109.0
ES21_A25_F;ES;21;A25;F;16010.0
ES22_A25_F;ES;22;A25;F;16794.0
ES23_A25_F;ES;23;A25;F;18295.0
ES24_A25_F;ES;24;A25;F;18941.0
FR15_A25_F;FR;15;A25;F;21438.0
FR16_A25_F;FR;16;A25;F;21671.0
FR17_A25_F;FR;17;A25;F;21883.0
FR18_A25_F;FR;18;A25;F;22033.0
FR19_A25_F;FR;19;A25;F;22623.0
FR20_A25_F;FR;20;A25;F;22517.0
FR21_A25_F;FR;21;A25;F;23250.0
FR22_A25_F;FR;22;A25;F;23611.0
FR23_A25_F;FR;23;A25;F;24827.0
FR24_A25_F;FR;24;A25;F;26490.0
HR15_A25_F;HR;15;A25;F;5973.0
HR16_A25_F;HR;16;A25;F;6364.0
HR17_A25_F;HR;17;A25;F;6804.0
HR18_A25_F;HR;18;A25;F;7392.0
HR19_A25_F;HR;19;A25;F;7979.0
HR20_A25_F;HR;20;A25;F;8704.0
HR21_A25_F;HR;21;A25;F;8988.0
HR22_A25_F;HR;22;A25;F;9844.0
HR23_A25_F;HR;23;A25;F;10840.0
HR24_A25_F;HR;24;A25;F;13603.0
IT15_A25_F;IT;15;A25;F;15565.0
IT16_A25_F;IT;16;A25;F;15584.0
IT17_A25_F;IT;17;A25;F;16059.0
IT18_A25_F;IT;18;A25;F;16311.0
IT19_A25_F;IT;19;A25;F;16801.0
IT20_A25_F;IT;20;A25;F;17733.0
IT21_A25_F;IT;21;A25;F;16950.0
IT22_A25_F;IT;22;A25;F;18092.0
IT23_A25_F;IT;23;A25;F;19500.0
IT24_A25_F;IT;24;A25;F;20304.0
CY15_A25_F;CY;15;A25;F;14450.0
CY16_A25_F;CY;16;A25;F;14681.0
CY17_A25_F;CY;17;A25;F;15193.0
CY18_A25_F;CY;18;A25;F;15813.0
CY19_A25_F;CY;19;A25;F;16994.0
CY20_A25_F;CY;20;A25;F;17324.0
CY21_A25_F;CY;21;A25;F;17363.0
CY22_A25_F;CY;22;A25;F;18769.0
CY23_A25_F;CY;23;A25;F;19923.0
CY24_A25_F;CY;24;A25;F;21577.0
LV15_A25_F;LV;15;A25;F;6692.0
LV16_A25_F;LV;16;A25;F;7395.0
LV17_A25_F;LV;17;A25;F;7995.0
LV18_A25_F;LV;18;A25;F;8812.0
LV19_A25_F;LV;19;A25;F;9799.0
LV20_A25_F;LV;20;A25;F;10196.0
LV21_A25_F;LV;21;A25;F;10878.0
LV22_A25_F;LV;22;A25;F;11565.0
LV23_A25_F;LV;23;A25;F;12860.0
LV24_A25_F;LV;24;A25;F;14755.0
LT15_A25_F;LT;15;A25;F;5964.0
LT16_A25_F;LT;16;A25;F;6552.0
LT17_A25_F;LT;17;A25;F;6863.0
LT18_A25_F;LT;18;A25;F;7778.0
LT19_A25_F;LT;19;A25;F;8486.0
LT20_A25_F;LT;20;A25;F;9679.0
LT21_A25_F;LT;21;A25;F;10982.0
LT22_A25_F;LT;22;A25;F;11624.0
LT23_A25_F;LT;23;A25;F;12980.0
LT24_A25_F;LT;24;A25;F;14697.0
LU15_A25_F;LU;15;A25;F;34919.0
LU16_A25_F;LU;16;A25;F;32106.0
LU17_A25_F;LU;17;A25;F;36241.0
LU18_A25_F;LU;18;A25;F;33289.0
LU19_A25_F;LU;19;A25;F;35366.0
LU20_A25_F;LU;20;A25;F;37291.0
LU21_A25_F;LU;21;A25;F;42546.0
LU22_A25_F;LU;22;A25;F;46014.0
LU23_A25_F;LU;23;A25;F;48290.0
LU24_A25_F;LU;24;A25;F;50769.0
HU15_A25_F;HU;15;A25;F;4722.0
HU16_A25_F;HU;16;A25;F;4999.0
HU17_A25_F;HU;17;A25;F;5178.0
HU18_A25_F;HU;18;A25;F;5584.0
HU19_A25_F;HU;19;A25;F;6103.0
HU20_A25_F;HU;20;A25;F;6910.0
HU21_A25_F;HU;21;A25;F;7130.0
HU22_A25_F;HU;22;A25;F;7206.0
HU23_A25_F;HU;23;A25;F;7981.0
HU24_A25_F;HU;24;A25;F;9283.0
MT15_A25_F;MT;15;A25;F;14835.0
MT16_A25_F;MT;16;A25;F;15161.0
MT17_A25_F;MT;17;A25;F;16661.0
MT18_A25_F;MT;18;A25;F;16878.0
MT19_A25_F;MT;19;A25;F;17429.0
MT20_A25_F;MT;20;A25;F;18009.0
MT21_A25_F;MT;21;A25;F;19262.0
MT22_A25_F;MT;22;A25;F;20033.0
MT23_A25_F;MT;23;A25;F;21349.0
MT24_A25_F;MT;24;A25;F;23099.0
NL15_A25_F;NL;15;A25;F;22572.0
NL16_A25_F;NL;16;A25;F;24106.0
NL17_A25_F;NL;17;A25;F;25304.0
NL18_A25_F;NL;18;A25;F;25857.0
NL19_A25_F;NL;19;A25;F;26557.0
NL20_A25_F;NL;20;A25;F;27773.0
NL21_A25_F;NL;21;A25;F;30493.0
NL22_A25_F;NL;22;A25;F;31959.0
NL23_A25_F;NL;23;A25;F;31547.0
NL24_A25_F;NL;24;A25;F;34689.0
AT15_A25_F;AT;15;A25;F;23055.0
AT16_A25_F;AT;16;A25;F;23787.0
AT17_A25_F;AT;17;A25;F;24795.0
AT18_A25_F;AT;18;A25;F;25025.0
AT19_A25_F;AT;19;A25;F;25640.0
AT20_A25_F;AT;20;A25;F;26792.0
AT21_A25_F;AT;21;A25;F;27422.0
AT22_A25_F;AT;22;A25;F;28176.0
AT23_A25_F;AT;23;A25;F;32412.0
AT24_A25_F;AT;24;A25;F;33329.0
PL15_A25_F;PL;15;A25;F;5823.0
PL16_A25_F;PL;16;A25;F;6238.0
PL17_A25_F;PL;17;A25;F;6346.0
PL18_A25_F;PL;18;A25;F;7010.0
PL19_A25_F;PL;19;A25;F;7708.0
PL20_A25_F;PL;20;A25;F;8591.0
PL21_A25_F;PL;21;A25;F;8871.0
PL22_A25_F;PL;22;A25;F;9593.0
PL23_A25_F;PL;23;A25;F;10704.0
PL24_A25_F;PL;24;A25;F;12624.0
PT15_A25_F;PT;15;A25;F;8857.0
PT16_A25_F;PT;16;A25;F;9126.0
PT17_A25_F;PT;17;A25;F;9404.0
PT18_A25_F;PT;18;A25;F;9733.0
PT19_A25_F;PT;19;A25;F;10378.0
PT20_A25_F;PT;20;A25;F;11100.0
PT21_A25_F;PT;21;A25;F;11590.0
PT22_A25_F;PT;22;A25;F;11400.0
PT23_A25_F;PT;23;A25;F;12378.0
PT24_A25_F;PT;24;A25;F;13334.0
RO15_A25_F;RO;15;A25;F;2405.0
RO16_A25_F;RO;16;A25;F;2581.0
RO17_A25_F;RO;17;A25;F;2907.0
RO18_A25_F;RO;18;A25;F;3665.0
RO19_A25_F;RO;19;A25;F;4251.0
RO20_A25_F;RO;20;A25;F;4894.0
RO21_A25_F;RO;21;A25;F;5549.0
RO22_A25_F;RO;22;A25;F;5979.0
RO23_A25_F;RO;23;A25;F;7057.0
RO24_A25_F;RO;24;A25;F;8494.0
SI15_A25_F;SI;15;A25;F;12784.0
SI16_A25_F;SI;16;A25;F;12792.0
SI17_A25_F;SI;17;A25;F;13137.0
SI18_A25_F;SI;18;A25;F;13776.0
SI19_A25_F;SI;19;A25;F;14720.0
SI20_A25_F;SI;20;A25;F;15403.0
SI21_A25_F;SI;21;A25;F;16382.0
SI22_A25_F;SI;22;A25;F;17539.0
SI23_A25_F;SI;23;A25;F;18806.0
SI24_A25_F;SI;24;A25;F;20701.0
SK15_A25_F;SK;15;A25;F;7163.0
SK16_A25_F;SK;16;A25;F;7237.0
SK17_A25_F;SK;17;A25;F;7456.0
SK18_A25_F;SK;18;A25;F;7852.0
SK19_A25_F;SK;19;A25;F;8446.0
SK20_A25_F;SK;20;A25;F;9083.0
SK21_A25_F;SK;21;A25;F;8780.0
SK22_A25_F;SK;22;A25;F;9067.0
SK23_A25_F;SK;23;A25;F;9282.0
SK24_A25_F;SK;24;A25;F;9994.0
FI15_A25_F;FI;15;A25;F;25969.0
FI16_A25_F;FI;16;A25;F;25390.0
FI17_A25_F;FI;17;A25;F;25581.0
FI18_A25_F;FI;18;A25;F;26268.0
FI19_A25_F;FI;19;A25;F;27219.0
FI20_A25_F;FI;20;A25;F;27399.0
FI21_A25_F;FI;21;A25;F;27613.0
FI22_A25_F;FI;22;A25;F;28686.0
FI23_A25_F;FI;23;A25;F;29808.0
FI24_A25_F;FI;24;A25;F;30800.0
SE15_A25_F;SE;15;A25;F;26690.0
SE16_A25_F;SE;16;A25;F;26255.0
SE17_A25_F;SE;17;A25;F;26802.0
SE18_A25_F;SE;18;A25;F;27037.0
SE19_A25_F;SE;19;A25;F;25261.0
SE20_A25_F;SE;20;A25;F;25497.0
SE21_A25_F;SE;21;A25;F;26644.0
SE22_A25_F;SE;22;A25;F;27885.0
SE23_A25_F;SE;23;A25;F;28281.0
SE24_A25_F;SE;24;A25;F;27778.0
EU15_A25_M;EU;15;A25;M;16020.0
EU16_A25_M;EU;16;A25;M;16524.0
EU17_A25_M;EU;17;A25;M;16975.0
EU18_A25_M;EU;18;A25;M;17525.0
EU19_A25_M;EU;19;A25;M;18095.0
EU20_A25_M;EU;20;A25;M;19235.0
EU21_A25_M;EU;21;A25;M;19301.0
EU22_A25_M;EU;22;A25;M;20163.0
EU23_A25_M;EU;23;A25;M;21707.0
EU24_A25_M;EU;24;A25;M;23088.0
BE15_A25_M;BE;15;A25;M;24398.0
BE16_A25_M;BE;16;A25;M;25513.0
BE17_A25_M;BE;17;A25;M;25601.0
BE18_A25_M;BE;18;A25;M;26389.0
BE19_A25_M;BE;19;A25;M;27158.0
BE20_A25_M;BE;20;A25;M;28577.0
BE21_A25_M;BE;21;A25;M;29009.0
BE22_A25_M;BE;22;A25;M;30587.0
BE23_A25_M;BE;23;A25;M;31991.0
BE24_A25_M;BE;24;A25;M;33757.0
BG15_A25_M;BG;15;A25;M;3702.0
BG16_A25_M;BG;16;A25;M;3418.0
BG17_A25_M;BG;17;A25;M;4044.0
BG18_A25_M;BG;18;A25;M;3959.0
BG19_A25_M;BG;19;A25;M;4794.0
BG20_A25_M;BG;20;A25;M;5215.0
BG21_A25_M;BG;21;A25;M;5711.0
BG22_A25_M;BG;22;A25;M;6079.0
BG23_A25_M;BG;23;A25;M;7205.0
BG24_A25_M;BG;24;A25;M;8824.0
CZ15_A25_M;CZ;15;A25;M;8250.0
CZ16_A25_M;CZ;16;A25;M;8745.0
CZ17_A25_M;CZ;17;A25;M;9319.0
CZ18_A25_M;CZ;18;A25;M;10283.0
CZ19_A25_M;CZ;19;A25;M;11308.0
CZ20_A25_M;CZ;20;A25;M;12086.0
CZ21_A25_M;CZ;21;A25;M;11817.0
CZ22_A25_M;CZ;22;A25;M;13710.0
CZ23_A25_M;CZ;23;A25;M;15704.0
CZ24_A25_M;CZ;24;A25;M;17192.0
DK15_A25_M;DK;15;A25;M;30801.0
DK16_A25_M;DK;16;A25;M;31128.0
DK17_A25_M;DK;17;A25;M;31428.0
DK18_A25_M;DK;18;A25;M;32209.0
DK19_A25_M;DK;19;A25;M;32429.0
DK20_A25_M;DK;20;A25;M;32572.0
DK21_A25_M;DK;21;A25;M;34232.0
DK22_A25_M;DK;22;A25;M;35534.0
DK23_A25_M;DK;23;A25;M;36339.0
DK24_A25_M;DK;24;A25;M;37411.0
DE15_A25_M;DE;15;A25;M;22710.0
DE16_A25_M;DE;16;A25;M;23364.0
DE17_A25_M;DE;17;A25;M;23981.0
DE18_A25_M;DE;18;A25;M;24686.0
DE19_A25_M;DE;19;A25;M;25739.0
DE20_A25_M;DE;20;A25;M;27794.0
DE21_A25_M;DE;21;A25;M;27028.0
DE22_A25_M;DE;22;A25;M;26802.0
DE23_A25_M;DE;23;A25;M;28500.0
DE24_A25_M;DE;24;A25;M;30000.0
EE15_A25_M;EE;15;A25;M;9361.0
EE16_A25_M;EE;16;A25;M;10185.0
EE17_A25_M;EE;17;A25;M;11032.0
EE18_A25_M;EE;18;A25;M;12081.0
EE19_A25_M;EE;19;A25;M;13257.0
EE20_A25_M;EE;20;A25;M;13870.0
EE21_A25_M;EE;21;A25;M;14746.0
EE22_A25_M;EE;22;A25;M;17694.0
EE23_A25_M;EE;23;A25;M;18130.0
EE24_A25_M;EE;24;A25;M;19021.0
IE15_A25_M;IE;15;A25;M;24114.0
IE16_A25_M;IE;16;A25;M;25238.0
IE17_A25_M;IE;17;A25;M;26163.0
IE18_A25_M;IE;18;A25;M;27577.0
IE19_A25_M;IE;19;A25;M;27969.0
IE20_A25_M;IE;20;A25;M;29514.0
IE21_A25_M;IE;21;A25;M;32188.0
IE22_A25_M;IE;22;A25;M;33746.0
IE23_A25_M;IE;23;A25;M;34271.0
IE24_A25_M;IE;24;A25;M;36742.0
GR15_A25_M;GR;15;A25;M;7752.0
GR16_A25_M;GR;16;A25;M;7639.0
GR17_A25_M;GR;17;A25;M;7753.0
GR18_A25_M;GR;18;A25;M;8225.0
GR19_A25_M;GR;19;A25;M;8603.0
GR20_A25_M;GR;20;A25;M;9461.0
GR21_A25_M;GR;21;A25;M;9509.0
GR22_A25_M;GR;22;A25;M;10147.0
GR23_A25_M;GR;23;A25;M;10868.0
GR24_A25_M;GR;24;A25;M;11506.0
ES15_A25_M;ES;15;A25;M;13825.0
ES16_A25_M;ES;16;A25;M;14243.0
ES17_A25_M;ES;17;A25;M;15017.0
ES18_A25_M;ES;18;A25;M;15507.0
ES19_A25_M;ES;19;A25;M;15654.0
ES20_A25_M;ES;20;A25;M;17091.0
ES21_A25_M;ES;21;A25;M;16393.0
ES22_A25_M;ES;22;A25;M;17720.0
ES23_A25_M;ES;23;A25;M;19143.0
ES24_A25_M;ES;24;A25;M;20260.0
FR15_A25_M;FR;15;A25;M;22017.0
FR16_A25_M;FR;16;A25;M;22436.0
FR17_A25_M;FR;17;A25;M;22747.0
FR18_A25_M;FR;18;A25;M;22911.0
FR19_A25_M;FR;19;A25;M;23265.0
FR20_A25_M;FR;20;A25;M;23745.0
FR21_A25_M;FR;21;A25;M;24463.0
FR22_A25_M;FR;22;A25;M;24876.0
FR23_A25_M;FR;23;A25;M;26242.0
FR24_A25_M;FR;24;A25;M;28127.0
HR15_A25_M;HR;15;A25;M;6053.0
HR16_A25_M;HR;16;A25;M;6301.0
HR17_A25_M;HR;17;A25;M;6864.0
HR18_A25_M;HR;18;A25;M;7361.0
HR19_A25_M;HR;19;A25;M;7963.0
HR20_A25_M;HR;20;A25;M;8679.0
HR21_A25_M;HR;21;A25;M;9121.0
HR22_A25_M;HR;22;A25;M;9983.0
HR23_A25_M;HR;23;A25;M;11120.0
HR24_A25_M;HR;24;A25;M;13825.0
IT15_A25_M;IT;15;A25;M;16647.0
IT16_A25_M;IT;16;A25;M;17204.0
IT17_A25_M;IT;17;A25;M;17325.0
IT18_A25_M;IT;18;A25;M;17610.0
IT19_A25_M;IT;19;A25;M;18070.0
IT20_A25_M;IT;20;A25;M;18821.0
IT21_A25_M;IT;21;A25;M;18189.0
IT22_A25_M;IT;22;A25;M;19500.0
IT23_A25_M;IT;23;A25;M;21076.0
IT24_A25_M;IT;24;A25;M;21428.0
CY15_A25_M;CY;15;A25;M;14597.0
CY16_A25_M;CY;16;A25;M;14867.0
CY17_A25_M;CY;17;A25;M;15625.0
CY18_A25_M;CY;18;A25;M;16194.0
CY19_A25_M;CY;19;A25;M;17646.0
CY20_A25_M;CY;20;A25;M;18190.0
CY21_A25_M;CY;21;A25;M;18392.0
CY22_A25_M;CY;22;A25;M;19404.0
CY23_A25_M;CY;23;A25;M;20870.0
CY24_A25_M;CY;24;A25;M;22174.0
LV15_A25_M;LV;15;A25;M;6912.0
LV16_A25_M;LV;16;A25;M;7472.0
LV17_A25_M;LV;17;A25;M;7888.0
LV18_A25_M;LV;18;A25;M;8963.0
LV19_A25_M;LV;19;A25;M;9931.0
LV20_A25_M;LV;20;A25;M;10493.0
LV21_A25_M;LV;21;A25;M;11644.0
LV22_A25_M;LV;22;A25;M;12165.0
LV23_A25_M;LV;23;A25;M;13356.0
LV24_A25_M;LV;24;A25;M;15222.0
LT15_A25_M;LT;15;A25;M;6076.0
LT16_A25_M;LT;16;A25;M;6850.0
LT17_A25_M;LT;17;A25;M;7281.0
LT18_A25_M;LT;18;A25;M;8275.0
LT19_A25_M;LT;19;A25;M;8817.0
LT20_A25_M;LT;20;A25;M;10223.0
LT21_A25_M;LT;21;A25;M;11572.0
LT22_A25_M;LT;22;A25;M;12166.0
LT23_A25_M;LT;23;A25;M;13838.0
LT24_A25_M;LT;24;A25;M;16409.0
LU15_A25_M;LU;15;A25;M;36261.0
LU16_A25_M;LU;16;A25;M;34384.0
LU17_A25_M;LU;17;A25;M;38978.0
LU18_A25_M;LU;18;A25;M;35764.0
LU19_A25_M;LU;19;A25;M;38114.0
LU20_A25_M;LU;20;A25;M;39500.0
LU21_A25_M;LU;21;A25;M;44442.0
LU22_A25_M;LU;22;A25;M;46888.0
LU23_A25_M;LU;23;A25;M;51590.0
LU24_A25_M;LU;24;A25;M;53892.0
HU15_A25_M;HU;15;A25;M;4857.0
HU16_A25_M;HU;16;A25;M;5242.0
HU17_A25_M;HU;17;A25;M;5518.0
HU18_A25_M;HU;18;A25;M;5816.0
HU19_A25_M;HU;19;A25;M;6468.0
HU20_A25_M;HU;20;A25;M;7070.0
HU21_A25_M;HU;21;A25;M;7254.0
HU22_A25_M;HU;22;A25;M;7524.0
HU23_A25_M;HU;23;A25;M;8259.0
HU24_A25_M;HU;24;A25;M;9360.0
MT15_A25_M;MT;15;A25;M;15164.0
MT16_A25_M;MT;16;A25;M;15397.0
MT17_A25_M;MT;17;A25;M;16649.0
MT18_A25_M;MT;18;A25;M;17246.0
MT19_A25_M;MT;19;A25;M;17429.0
MT20_A25_M;MT;20;A25;M;17901.0
MT21_A25_M;MT;21;A25;M;19714.0
MT22_A25_M;MT;22;A25;M;20205.0
MT23_A25_M;MT;23;A25;M;21802.0
MT24_A25_M;MT;24;A25;M;22814.0
NL15_A25_M;NL;15;A25;M;22640.0
NL16_A25_M;NL;16;A25;M;24708.0
NL17_A25_M;NL;17;A25;M;26228.0
NL18_A25_M;NL;18;A25;M;26684.0
NL19_A25_M;NL;19;A25;M;27091.0
NL20_A25_M;NL;20;A25;M;28471.0
NL21_A25_M;NL;21;A25;M;30327.0
NL22_A25_M;NL;22;A25;M;32137.0
NL23_A25_M;NL;23;A25;M;32459.0
NL24_A25_M;NL;24;A25;M;35461.0
AT15_A25_M;AT;15;A25;M;24159.0
AT16_A25_M;AT;16;A25;M;24261.0
AT17_A25_M;AT;17;A25;M;25515.0
AT18_A25_M;AT;18;A25;M;26154.0
AT19_A25_M;AT;19;A25;M;26107.0
AT20_A25_M;AT;20;A25;M;26953.0
AT21_A25_M;AT;21;A25;M;27917.0
AT22_A25_M;AT;22;A25;M;28310.0
AT23_A25_M;AT;23;A25;M;32613.0
AT24_A25_M;AT;24;A25;M;34708.0
PL15_A25_M;PL;15;A25;M;5826.0
PL16_A25_M;PL;16;A25;M;6297.0
PL17_A25_M;PL;17;A25;M;6356.0
PL18_A25_M;PL;18;A25;M;7074.0
PL19_A25_M;PL;19;A25;M;7689.0
PL20_A25_M;PL;20;A25;M;8736.0
PL21_A25_M;PL;21;A25;M;9021.0
PL22_A25_M;PL;22;A25;M;9739.0
PL23_A25_M;PL;23;A25;M;10971.0
PL24_A25_M;PL;24;A25;M;12814.0
PT15_A25_M;PT;15;A25;M;9097.0
PT16_A25_M;PT;16;A25;M;9424.0
PT17_A25_M;PT;17;A25;M;9768.0
PT18_A25_M;PT;18;A25;M;10031.0
PT19_A25_M;PT;19;A25;M;10602.0
PT20_A25_M;PT;20;A25;M;11488.0
PT21_A25_M;PT;21;A25;M;11728.0
PT22_A25_M;PT;22;A25;M;11353.0
PT23_A25_M;PT;23;A25;M;12268.0
PT24_A25_M;PT;24;A25;M;13744.0
RO15_A25_M;RO;15;A25;M;2484.0
RO16_A25_M;RO;16;A25;M;2643.0
RO17_A25_M;RO;17;A25;M;3032.0
RO18_A25_M;RO;18;A25;M;3768.0
RO19_A25_M;RO;19;A25;M;4372.0
RO20_A25_M;RO;20;A25;M;4904.0
RO21_A25_M;RO;21;A25;M;5549.0
RO22_A25_M;RO;22;A25;M;6042.0
RO23_A25_M;RO;23;A25;M;7215.0
RO24_A25_M;RO;24;A25;M;8707.0
SI15_A25_M;SI;15;A25;M;12820.0
SI16_A25_M;SI;16;A25;M;12929.0
SI17_A25_M;SI;17;A25;M;13302.0
SI18_A25_M;SI;18;A25;M;13863.0
SI19_A25_M;SI;19;A25;M;14881.0
SI20_A25_M;SI;20;A25;M;15641.0
SI21_A25_M;SI;21;A25;M;16359.0
SI22_A25_M;SI;22;A25;M;17615.0
SI23_A25_M;SI;23;A25;M;18872.0
SI24_A25_M;SI;24;A25;M;21056.0
SK15_A25_M;SK;15;A25;M;7360.0
SK16_A25_M;SK;16;A25;M;7457.0
SK17_A25_M;SK;17;A25;M;7681.0
SK18_A25_M;SK;18;A25;M;8188.0
SK19_A25_M;SK;19;A25;M;8872.0
SK20_A25_M;SK;20;A25;M;9358.0
SK21_A25_M;SK;21;A25;M;9078.0
SK22_A25_M;SK;22;A25;M;9487.0
SK23_A25_M;SK;23;A25;M;9548.0
SK24_A25_M;SK;24;A25;M;10481.0
FI15_A25_M;FI;15;A25;M;25692.0
FI16_A25_M;FI;16;A25;M;25357.0
FI17_A25_M;FI;17;A25;M;25826.0
FI18_A25_M;FI;18;A25;M;26173.0
FI19_A25_M;FI;19;A25;M;26859.0
FI20_A25_M;FI;20;A25;M;27350.0
FI21_A25_M;FI;21;A25;M;27722.0
FI22_A25_M;FI;22;A25;M;29273.0
FI23_A25_M;FI;23;A25;M;30004.0
FI24_A25_M;FI;24;A25;M;31042.0
SE15_A25_M;SE;15;A25;M;26658.0
SE16_A25_M;SE;16;A25;M;26690.0
SE17_A25_M;SE;17;A25;M;26640.0
SE18_A25_M;SE;18;A25;M;26648.0
SE19_A25_M;SE;19;A25;M;25500.0
SE20_A25_M;SE;20;A25;M;26249.0
SE21_A25_M;SE;21;A25;M;26920.0
SE22_A25_M;SE;22;A25;M;28304.0
SE23_A25_M;SE;23;A25;M;28707.0
SE24_A25_M;SE;24;A25;M;28123.0
EU15_A16_F;EU;15;A16;F;13930.0
EU16_A16_F;EU;16;A16;F;14262.0
EU17_A16_F;EU;17;A16;F;14714.0
EU18_A16_F;EU;18;A16;F;15114.0
EU19_A16_F;EU;19;A16;F;15801.0
EU20_A16_F;EU;20;A16;F;16457.0
EU21_A16_F;EU;21;A16;F;16781.0
EU22_A16_F;EU;22;A16;F;17429.0
EU23_A16_F;EU;23;A16;F;18530.0
EU24_A16_F;EU;24;A16;F;19607.0
BE15_A16_F;BE;15;A16;F;19915.0
BE16_A16_F;BE;16;A16;F;19865.0
BE17_A16_F;BE;17;A16;F;19916.0
BE18_A16_F;BE;18;A16;F;21581.0
BE19_A16_F;BE;19;A16;F;23135.0
BE20_A16_F;BE;20;A16;F;24763.0
BE21_A16_F;BE;21;A16;F;24390.0
BE22_A16_F;BE;22;A16;F;26563.0
BE23_A16_F;BE;23;A16;F;27845.0
BE24_A16_F;BE;24;A16;F;29218.0
BG15_A16_F;BG;15;A16;F;3175.0
BG16_A16_F;BG;16;A16;F;2961.0
BG17_A16_F;BG;17;A16;F;3537.0
BG18_A16_F;BG;18;A16;F;3495.0
BG19_A16_F;BG;19;A16;F;3986.0
BG20_A16_F;BG;20;A16;F;4491.0
BG21_A16_F;BG;21;A16;F;4637.0
BG22_A16_F;BG;22;A16;F;5234.0
BG23_A16_F;BG;23;A16;F;6001.0
BG24_A16_F;BG;24;A16;F;6963.0
CZ15_A16_F;CZ;15;A16;F;7025.0
CZ16_A16_F;CZ;16;A16;F;7509.0
CZ17_A16_F;CZ;17;A16;F;8050.0
CZ18_A16_F;CZ;18;A16;F;8848.0
CZ19_A16_F;CZ;19;A16;F;9958.0
CZ20_A16_F;CZ;20;A16;F;10857.0
CZ21_A16_F;CZ;21;A16;F;10444.0
CZ22_A16_F;CZ;22;A16;F;11974.0
CZ23_A16_F;CZ;23;A16;F;12934.0
CZ24_A16_F;CZ;24;A16;F;14151.0
DK15_A16_F;DK;15;A16;F;22132.0
DK16_A16_F;DK;16;A16;F;20914.0
DK17_A16_F;DK;17;A16;F;22143.0
DK18_A16_F;DK;18;A16;F;22803.0
DK19_A16_F;DK;19;A16;F;23119.0
DK20_A16_F;DK;20;A16;F;23318.0
DK21_A16_F;DK;21;A16;F;24285.0
DK22_A16_F;DK;22;A16;F;26869.0
DK23_A16_F;DK;23;A16;F;27632.0
DK24_A16_F;DK;24;A16;F;28045.0
DE15_A16_F;DE;15;A16;F;19574.0
DE16_A16_F;DE;16;A16;F;19351.0
DE17_A16_F;DE;17;A16;F;19438.0
DE18_A16_F;DE;18;A16;F;20102.0
DE19_A16_F;DE;19;A16;F;21281.0
DE20_A16_F;DE;20;A16;F;23130.0
DE21_A16_F;DE;21;A16;F;22501.0
DE22_A16_F;DE;22;A16;F;22349.0
DE23_A16_F;DE;23;A16;F;23360.0
DE24_A16_F;DE;24;A16;F;24711.0
EE15_A16_F;EE;15;A16;F;7988.0
EE16_A16_F;EE;16;A16;F;8388.0
EE17_A16_F;EE;17;A16;F;8719.0
EE18_A16_F;EE;18;A16;F;10008.0
EE19_A16_F;EE;19;A16;F;10914.0
EE20_A16_F;EE;20;A16;F;11947.0
EE21_A16_F;EE;21;A16;F;11950.0
EE22_A16_F;EE;22;A16;F;13733.0
EE23_A16_F;EE;23;A16;F;14873.0
EE24_A16_F;EE;24;A16;F;16616.0
IE15_A16_F;IE;15;A16;F;19535.0
IE16_A16_F;IE;16;A16;F;19813.0
IE17_A16_F;IE;17;A16;F;19102.0
IE18_A16_F;IE;18;A16;F;23235.0
IE19_A16_F;IE;19;A16;F;23209.0
IE20_A16_F;IE;20;A16;F;25165.0
IE21_A16_F;IE;21;A16;F;27002.0
IE22_A16_F;IE;22;A16;F;28785.0
IE23_A16_F;IE;23;A16;F;28687.0
IE24_A16_F;IE;24;A16;F;31706.0
GR15_A16_F;GR;15;A16;F;6496.0
GR16_A16_F;GR;16;A16;F;6561.0
GR17_A16_F;GR;17;A16;F;6636.0
GR18_A16_F;GR;18;A16;F;6610.0
GR19_A16_F;GR;19;A16;F;7000.0
GR20_A16_F;GR;20;A16;F;7392.0
GR21_A16_F;GR;21;A16;F;7622.0
GR22_A16_F;GR;22;A16;F;8330.0
GR23_A16_F;GR;23;A16;F;8400.0
GR24_A16_F;GR;24;A16;F;9821.0
ES15_A16_F;ES;15;A16;F;10982.0
ES16_A16_F;ES;16;A16;F;11355.0
ES17_A16_F;ES;17;A16;F;12579.0
ES18_A16_F;ES;18;A16;F;12272.0
ES19_A16_F;ES;19;A16;F;13227.0
ES20_A16_F;ES;20;A16;F;13793.0
ES21_A16_F;ES;21;A16;F;14088.0
ES22_A16_F;ES;22;A16;F;14941.0
ES23_A16_F;ES;23;A16;F;16500.0
ES24_A16_F;ES;24;A16;F;17673.0
FR15_A16_F;FR;15;A16;F;19413.0
FR16_A16_F;FR;16;A16;F;19318.0
FR17_A16_F;FR;17;A16;F;20088.0
FR18_A16_F;FR;18;A16;F;20460.0
FR19_A16_F;FR;19;A16;F;20084.0
FR20_A16_F;FR;20;A16;F;19194.0
FR21_A16_F;FR;21;A16;F;20109.0
FR22_A16_F;FR;22;A16;F;20605.0
FR23_A16_F;FR;23;A16;F;21703.0
FR24_A16_F;FR;24;A16;F;22428.0
HR15_A16_F;HR;15;A16;F;5282.0
HR16_A16_F;HR;16;A16;F;5375.0
HR17_A16_F;HR;17;A16;F;5821.0
HR18_A16_F;HR;18;A16;F;6371.0
HR19_A16_F;HR;19;A16;F;7053.0
HR20_A16_F;HR;20;A16;F;7647.0
HR21_A16_F;HR;21;A16;F;7831.0
HR22_A16_F;HR;22;A16;F;8906.0
HR23_A16_F;HR;23;A16;F;9695.0
HR24_A16_F;HR;24;A16;F;12575.0
IT15_A16_F;IT;15;A16;F;13880.0
IT16_A16_F;IT;16;A16;F;15096.0
IT17_A16_F;IT;17;A16;F;14880.0
IT18_A16_F;IT;18;A16;F;14582.0
IT19_A16_F;IT;19;A16;F;15414.0
IT20_A16_F;IT;20;A16;F;15380.0
IT21_A16_F;IT;21;A16;F;15485.0
IT22_A16_F;IT;22;A16;F;16596.0
IT23_A16_F;IT;23;A16;F;17906.0
IT24_A16_F;IT;24;A16;F;18351.0
CY15_A16_F;CY;15;A16;F;12922.0
CY16_A16_F;CY;16;A16;F;13080.0
CY17_A16_F;CY;17;A16;F;13791.0
CY18_A16_F;CY;18;A16;F;14829.0
CY19_A16_F;CY;19;A16;F;15760.0
CY20_A16_F;CY;20;A16;F;15940.0
CY21_A16_F;CY;21;A16;F;16310.0
CY22_A16_F;CY;22;A16;F;17556.0
CY23_A16_F;CY;23;A16;F;19019.0
CY24_A16_F;CY;24;A16;F;20106.0
LV15_A16_F;LV;15;A16;F;5633.0
LV16_A16_F;LV;16;A16;F;6211.0
LV17_A16_F;LV;17;A16;F;6607.0
LV18_A16_F;LV;18;A16;F;7405.0
LV19_A16_F;LV;19;A16;F;8790.0
LV20_A16_F;LV;20;A16;F;8948.0
LV21_A16_F;LV;21;A16;F;9167.0
LV22_A16_F;LV;22;A16;F;10449.0
LV23_A16_F;LV;23;A16;F;10835.0
LV24_A16_F;LV;24;A16;F;12573.0
LT15_A16_F;LT;15;A16;F;5083.0
LT16_A16_F;LT;16;A16;F;5492.0
LT17_A16_F;LT;17;A16;F;6105.0
LT18_A16_F;LT;18;A16;F;7051.0
LT19_A16_F;LT;19;A16;F;8024.0
LT20_A16_F;LT;20;A16;F;8761.0
LT21_A16_F;LT;21;A16;F;9680.0
LT22_A16_F;LT;22;A16;F;10627.0
LT23_A16_F;LT;23;A16;F;10998.0
LT24_A16_F;LT;24;A16;F;11927.0
LU15_A16_F;LU;15;A16;F;30127.0
LU16_A16_F;LU;16;A16;F;28408.0
LU17_A16_F;LU;17;A16;F;29900.0
LU18_A16_F;LU;18;A16;F;29461.0
LU19_A16_F;LU;19;A16;F;32306.0
LU20_A16_F;LU;20;A16;F;28773.0
LU21_A16_F;LU;21;A16;F;36373.0
LU22_A16_F;LU;22;A16;F;36732.0
LU23_A16_F;LU;23;A16;F;35088.0
LU24_A16_F;LU;24;A16;F;35624.0
HU15_A16_F;HU;15;A16;F;3978.0
HU16_A16_F;HU;16;A16;F;4245.0
HU17_A16_F;HU;17;A16;F;4390.0
HU18_A16_F;HU;18;A16;F;5057.0
HU19_A16_F;HU;19;A16;F;5483.0
HU20_A16_F;HU;20;A16;F;5925.0
HU21_A16_F;HU;21;A16;F;6004.0
HU22_A16_F;HU;22;A16;F;6291.0
HU23_A16_F;HU;23;A16;F;6814.0
HU24_A16_F;HU;24;A16;F;8116.0
MT15_A16_F;MT;15;A16;F;14069.0
MT16_A16_F;MT;16;A16;F;14192.0
MT17_A16_F;MT;17;A16;F;14906.0
MT18_A16_F;MT;18;A16;F;15604.0
MT19_A16_F;MT;19;A16;F;16299.0
MT20_A16_F;MT;20;A16;F;17026.0
MT21_A16_F;MT;21;A16;F;17380.0
MT22_A16_F;MT;22;A16;F;19092.0
MT23_A16_F;MT;23;A16;F;19882.0
MT24_A16_F;MT;24;A16;F;20041.0
NL15_A16_F;NL;15;A16;F;18635.0
NL16_A16_F;NL;16;A16;F;19899.0
NL17_A16_F;NL;17;A16;F;20670.0
NL18_A16_F;NL;18;A16;F;19677.0
NL19_A16_F;NL;19;A16;F;21549.0
NL20_A16_F;NL;20;A16;F;23153.0
NL21_A16_F;NL;21;A16;F;25439.0
NL22_A16_F;NL;22;A16;F;26272.0
NL23_A16_F;NL;23;A16;F;26515.0
NL24_A16_F;NL;24;A16;F;28522.0
AT15_A16_F;AT;15;A16;F;22038.0
AT16_A16_F;AT;16;A16;F;22288.0
AT17_A16_F;AT;17;A16;F;23764.0
AT18_A16_F;AT;18;A16;F;24933.0
AT19_A16_F;AT;19;A16;F;24361.0
AT20_A16_F;AT;20;A16;F;25348.0
AT21_A16_F;AT;21;A16;F;27305.0
AT22_A16_F;AT;22;A16;F;26070.0
AT23_A16_F;AT;23;A16;F;30700.0
AT24_A16_F;AT;24;A16;F;31026.0
PL15_A16_F;PL;15;A16;F;4931.0
PL16_A16_F;PL;16;A16;F;5202.0
PL17_A16_F;PL;17;A16;F;5349.0
PL18_A16_F;PL;18;A16;F;5760.0
PL19_A16_F;PL;19;A16;F;6395.0
PL20_A16_F;PL;20;A16;F;7100.0
PL21_A16_F;PL;21;A16;F;7450.0
PL22_A16_F;PL;22;A16;F;8062.0
PL23_A16_F;PL;23;A16;F;9122.0
PL24_A16_F;PL;24;A16;F;10707.0
PT15_A16_F;PT;15;A16;F;7491.0
PT16_A16_F;PT;16;A16;F;7700.0
PT17_A16_F;PT;17;A16;F;8183.0
PT18_A16_F;PT;18;A16;F;8662.0
PT19_A16_F;PT;19;A16;F;9227.0
PT20_A16_F;PT;20;A16;F;9800.0
PT21_A16_F;PT;21;A16;F;10359.0
PT22_A16_F;PT;22;A16;F;10095.0
PT23_A16_F;PT;23;A16;F;10524.0
PT24_A16_F;PT;24;A16;F;12105.0
RO15_A16_F;RO;15;A16;F;1799.0
RO16_A16_F;RO;16;A16;F;1990.0
RO17_A16_F;RO;17;A16;F;2309.0
RO18_A16_F;RO;18;A16;F;2815.0
RO19_A16_F;RO;19;A16;F;3358.0
RO20_A16_F;RO;20;A16;F;3883.0
RO21_A16_F;RO;21;A16;F;4427.0
RO22_A16_F;RO;22;A16;F;4764.0
RO23_A16_F;RO;23;A16;F;5907.0
RO24_A16_F;RO;24;A16;F;7176.0
SI15_A16_F;SI;15;A16;F;11605.0
SI16_A16_F;SI;16;A16;F;11543.0
SI17_A16_F;SI;17;A16;F;12125.0
SI18_A16_F;SI;18;A16;F;12830.0
SI19_A16_F;SI;19;A16;F;13981.0
SI20_A16_F;SI;20;A16;F;14736.0
SI21_A16_F;SI;21;A16;F;15161.0
SI22_A16_F;SI;22;A16;F;16648.0
SI23_A16_F;SI;23;A16;F;18516.0
SI24_A16_F;SI;24;A16;F;20246.0
SK15_A16_F;SK;15;A16;F;6400.0
SK16_A16_F;SK;16;A16;F;6452.0
SK17_A16_F;SK;17;A16;F;6808.0
SK18_A16_F;SK;18;A16;F;7258.0
SK19_A16_F;SK;19;A16;F;7649.0
SK20_A16_F;SK;20;A16;F;8111.0
SK21_A16_F;SK;21;A16;F;7690.0
SK22_A16_F;SK;22;A16;F;7662.0
SK23_A16_F;SK;23;A16;F;8453.0
SK24_A16_F;SK;24;A16;F;8821.0
FI15_A16_F;FI;15;A16;F;20043.0
FI16_A16_F;FI;16;A16;F;19837.0
FI17_A16_F;FI;17;A16;F;19832.0
FI18_A16_F;FI;18;A16;F;20087.0
FI19_A16_F;FI;19;A16;F;20103.0
FI20_A16_F;FI;20;A16;F;20964.0
FI21_A16_F;FI;21;A16;F;20196.0
FI22_A16_F;FI;22;A16;F;21325.0
FI23_A16_F;FI;23;A16;F;21502.0
FI24_A16_F;FI;24;A16;F;22813.0
SE15_A16_F;SE;15;A16;F;21399.0
SE16_A16_F;SE;16;A16;F;22262.0
SE17_A16_F;SE;17;A16;F;22800.0
SE18_A16_F;SE;18;A16;F;22775.0
SE19_A16_F;SE;19;A16;F;22049.0
SE20_A16_F;SE;20;A16;F;21800.0
SE21_A16_F;SE;21;A16;F;21824.0
SE22_A16_F;SE;22;A16;F;22340.0
SE23_A16_F;SE;23;A16;F;22920.0
SE24_A16_F;SE;24;A16;F;22513.0
EU15_A16_M;EU;15;A16;M;14184.0
EU16_A16_M;EU;16;A16;M;14748.0
EU17_A16_M;EU;17;A16;M;15228.0
EU18_A16_M;EU;18;A16;M;15915.0
EU19_A16_M;EU;19;A16;M;16246.0
EU20_A16_M;EU;20;A16;M;17210.0
EU21_A16_M;EU;21;A16;M;17304.0
EU22_A16_M;EU;22;A16;M;18227.0
EU23_A16_M;EU;23;A16;M;19303.0
EU24_A16_M;EU;24;A16;M;20501.0
BE15_A16_M;BE;15;A16;M;20895.0
BE16_A16_M;BE;16;A16;M;21219.0
BE17_A16_M;BE;17;A16;M;21218.0
BE18_A16_M;BE;18;A16;M;23111.0
BE19_A16_M;BE;19;A16;M;23604.0
BE20_A16_M;BE;20;A16;M;25869.0
BE21_A16_M;BE;21;A16;M;24354.0
BE22_A16_M;BE;22;A16;M;25867.0
BE23_A16_M;BE;23;A16;M;28812.0
BE24_A16_M;BE;24;A16;M;28549.0
BG15_A16_M;BG;15;A16;M;3253.0
BG16_A16_M;BG;16;A16;M;2844.0
BG17_A16_M;BG;17;A16;M;3322.0
BG18_A16_M;BG;18;A16;M;3427.0
BG19_A16_M;BG;19;A16;M;4090.0
BG20_A16_M;BG;20;A16;M;4325.0
BG21_A16_M;BG;21;A16;M;4877.0
BG22_A16_M;BG;22;A16;M;5213.0
BG23_A16_M;BG;23;A16;M;6670.0
BG24_A16_M;BG;24;A16;M;7580.0
CZ15_A16_M;CZ;15;A16;M;7461.0
CZ16_A16_M;CZ;16;A16;M;8103.0
CZ17_A16_M;CZ;17;A16;M;8369.0
CZ18_A16_M;CZ;18;A16;M;9236.0
CZ19_A16_M;CZ;19;A16;M;10230.0
CZ20_A16_M;CZ;20;A16;M;10713.0
CZ21_A16_M;CZ;21;A16;M;10472.0
CZ22_A16_M;CZ;22;A16;M;12264.0
CZ23_A16_M;CZ;23;A16;M;13289.0
CZ24_A16_M;CZ;24;A16;M;14868.0
DK15_A16_M;DK;15;A16;M;23712.0
DK16_A16_M;DK;16;A16;M;25052.0
DK17_A16_M;DK;17;A16;M;25051.0
DK18_A16_M;DK;18;A16;M;25401.0
DK19_A16_M;DK;19;A16;M;25081.0
DK20_A16_M;DK;20;A16;M;25098.0
DK21_A16_M;DK;21;A16;M;27478.0
DK22_A16_M;DK;22;A16;M;28029.0
DK23_A16_M;DK;23;A16;M;31102.0
DK24_A16_M;DK;24;A16;M;32058.0
DE15_A16_M;DE;15;A16;M;20087.0
DE16_A16_M;DE;16;A16;M;20464.0
DE17_A16_M;DE;17;A16;M;21242.0
DE18_A16_M;DE;18;A16;M;22105.0
DE19_A16_M;DE;19;A16;M;22872.0
DE20_A16_M;DE;20;A16;M;24531.0
DE21_A16_M;DE;21;A16;M;22720.0
DE22_A16_M;DE;22;A16;M;23089.0
DE23_A16_M;DE;23;A16;M;24000.0
DE24_A16_M;DE;24;A16;M;26000.0
EE15_A16_M;EE;15;A16;M;7825.0
EE16_A16_M;EE;16;A16;M;8407.0
EE17_A16_M;EE;17;A16;M;9345.0
EE18_A16_M;EE;18;A16;M;10171.0
EE19_A16_M;EE;19;A16;M;10637.0
EE20_A16_M;EE;20;A16;M;12095.0
EE21_A16_M;EE;21;A16;M;12109.0
EE22_A16_M;EE;22;A16;M;14006.0
EE23_A16_M;EE;23;A16;M;15047.0
EE24_A16_M;EE;24;A16;M;16210.0
IE15_A16_M;IE;15;A16;M;17746.0
IE16_A16_M;IE;16;A16;M;20390.0
IE17_A16_M;IE;17;A16;M;20935.0
IE18_A16_M;IE;18;A16;M;26241.0
IE19_A16_M;IE;19;A16;M;23311.0
IE20_A16_M;IE;20;A16;M;24925.0
IE21_A16_M;IE;21;A16;M;26861.0
IE22_A16_M;IE;22;A16;M;29060.0
IE23_A16_M;IE;23;A16;M;29737.0
IE24_A16_M;IE;24;A16;M;33018.0
GR15_A16_M;GR;15;A16;M;6360.0
GR16_A16_M;GR;16;A16;M;6261.0
GR17_A16_M;GR;17;A16;M;6592.0
GR18_A16_M;GR;18;A16;M;6708.0
GR19_A16_M;GR;19;A16;M;7033.0
GR20_A16_M;GR;20;A16;M;7677.0
GR21_A16_M;GR;21;A16;M;7663.0
GR22_A16_M;GR;22;A16;M;7998.0
GR23_A16_M;GR;23;A16;M;8712.0
GR24_A16_M;GR;24;A16;M;9800.0
ES15_A16_M;ES;15;A16;M;10957.0
ES16_A16_M;ES;16;A16;M;11355.0
ES17_A16_M;ES;17;A16;M;12538.0
ES18_A16_M;ES;18;A16;M;13285.0
ES19_A16_M;ES;19;A16;M;13425.0
ES20_A16_M;ES;20;A16;M;14257.0
ES21_A16_M;ES;21;A16;M;14437.0
ES22_A16_M;ES;22;A16;M;15480.0
ES23_A16_M;ES;23;A16;M;16448.0
ES24_A16_M;ES;24;A16;M;17560.0
FR15_A16_M;FR;15;A16;M;18843.0
FR16_A16_M;FR;16;A16;M;19805.0
FR17_A16_M;FR;17;A16;M;19566.0
FR18_A16_M;FR;18;A16;M;19722.0
FR19_A16_M;FR;19;A16;M;20387.0
FR20_A16_M;FR;20;A16;M;19724.0
FR21_A16_M;FR;21;A16;M;20934.0
FR22_A16_M;FR;22;A16;M;21450.0
FR23_A16_M;FR;23;A16;M;21962.0
FR24_A16_M;FR;24;A16;M;23397.0
HR15_A16_M;HR;15;A16;M;5466.0
HR16_A16_M;HR;16;A16;M;5621.0
HR17_A16_M;HR;17;A16;M;6120.0
HR18_A16_M;HR;18;A16;M;6624.0
HR19_A16_M;HR;19;A16;M;7181.0
HR20_A16_M;HR;20;A16;M;7695.0
HR21_A16_M;HR;21;A16;M;8109.0
HR22_A16_M;HR;22;A16;M;8919.0
HR23_A16_M;HR;23;A16;M;10199.0
HR24_A16_M;HR;24;A16;M;13393.0
IT15_A16_M;IT;15;A16;M;14342.0
IT16_A16_M;IT;16;A16;M;14634.0
IT17_A16_M;IT;17;A16;M;14820.0
IT18_A16_M;IT;18;A16;M;15422.0
IT19_A16_M;IT;19;A16;M;15338.0
IT20_A16_M;IT;20;A16;M;16274.0
IT21_A16_M;IT;21;A16;M;16040.0
IT22_A16_M;IT;22;A16;M;18481.0
IT23_A16_M;IT;23;A16;M;19488.0
IT24_A16_M;IT;24;A16;M;19744.0
CY15_A16_M;CY;15;A16;M;12964.0
CY16_A16_M;CY;16;A16;M;13122.0
CY17_A16_M;CY;17;A16;M;13556.0
CY18_A16_M;CY;18;A16;M;14471.0
CY19_A16_M;CY;19;A16;M;16046.0
CY20_A16_M;CY;20;A16;M;16137.0
CY21_A16_M;CY;21;A16;M;17266.0
CY22_A16_M;CY;22;A16;M;18435.0
CY23_A16_M;CY;23;A16;M;19161.0
CY24_A16_M;CY;24;A16;M;18658.0
LV15_A16_M;LV;15;A16;M;5790.0
LV16_A16_M;LV;16;A16;M;6488.0
LV17_A16_M;LV;17;A16;M;6759.0
LV18_A16_M;LV;18;A16;M;7435.0
LV19_A16_M;LV;19;A16;M;8497.0
LV20_A16_M;LV;20;A16;M;8795.0
LV21_A16_M;LV;21;A16;M;9827.0
LV22_A16_M;LV;22;A16;M;10449.0
LV23_A16_M;LV;23;A16;M;11368.0
LV24_A16_M;LV;24;A16;M;12440.0
LT15_A16_M;LT;15;A16;M;5137.0
LT16_A16_M;LT;16;A16;M;5734.0
LT17_A16_M;LT;17;A16;M;5766.0
LT18_A16_M;LT;18;A16;M;6531.0
LT19_A16_M;LT;19;A16;M;8209.0
LT20_A16_M;LT;20;A16;M;8553.0
LT21_A16_M;LT;21;A16;M;9361.0
LT22_A16_M;LT;22;A16;M;9723.0
LT23_A16_M;LT;23;A16;M;10929.0
LT24_A16_M;LT;24;A16;M;11385.0
LU15_A16_M;LU;15;A16;M;30268.0
LU16_A16_M;LU;16;A16;M;28460.0
LU17_A16_M;LU;17;A16;M;32203.0
LU18_A16_M;LU;18;A16;M;30224.0
LU19_A16_M;LU;19;A16;M;29947.0
LU20_A16_M;LU;20;A16;M;30386.0
LU21_A16_M;LU;21;A16;M;36390.0
LU22_A16_M;LU;22;A16;M;39496.0
LU23_A16_M;LU;23;A16;M;38921.0
LU24_A16_M;LU;24;A16;M;40979.0
HU15_A16_M;HU;15;A16;M;4081.0
HU16_A16_M;HU;16;A16;M;4183.0
HU17_A16_M;HU;17;A16;M;4483.0
HU18_A16_M;HU;18;A16;M;5000.0
HU19_A16_M;HU;19;A16;M;5847.0
HU20_A16_M;HU;20;A16;M;6495.0
HU21_A16_M;HU;21;A16;M;6218.0
HU22_A16_M;HU;22;A16;M;6692.0
HU23_A16_M;HU;23;A16;M;7222.0
HU24_A16_M;HU;24;A16;M;8276.0
MT15_A16_M;MT;15;A16;M;13749.0
MT16_A16_M;MT;16;A16;M;13492.0
MT17_A16_M;MT;17;A16;M;14522.0
MT18_A16_M;MT;18;A16;M;15140.0
MT19_A16_M;MT;19;A16;M;16037.0
MT20_A16_M;MT;20;A16;M;16311.0
MT21_A16_M;MT;21;A16;M;16768.0
MT22_A16_M;MT;22;A16;M;19080.0
MT23_A16_M;MT;23;A16;M;18761.0
MT24_A16_M;MT;24;A16;M;22615.0
NL15_A16_M;NL;15;A16;M;19478.0
NL16_A16_M;NL;16;A16;M;20634.0
NL17_A16_M;NL;17;A16;M;20571.0
NL18_A16_M;NL;18;A16;M;21871.0
NL19_A16_M;NL;19;A16;M;22370.0
NL20_A16_M;NL;20;A16;M;24982.0
NL21_A16_M;NL;21;A16;M;28154.0
NL22_A16_M;NL;22;A16;M;29108.0
NL23_A16_M;NL;23;A16;M;27806.0
NL24_A16_M;NL;24;A16;M;30711.0
AT15_A16_M;AT;15;A16;M;22829.0
AT16_A16_M;AT;16;A16;M;23320.0
AT17_A16_M;AT;17;A16;M;25071.0
AT18_A16_M;AT;18;A16;M;26017.0
AT19_A16_M;AT;19;A16;M;26190.0
AT20_A16_M;AT;20;A16;M;28179.0
AT21_A16_M;AT;21;A16;M;27744.0
AT22_A16_M;AT;22;A16;M;27758.0
AT23_A16_M;AT;23;A16;M;31900.0
AT24_A16_M;AT;24;A16;M;35048.0
PL15_A16_M;PL;15;A16;M;5054.0
PL16_A16_M;PL;16;A16;M;5384.0
PL17_A16_M;PL;17;A16;M;5366.0
PL18_A16_M;PL;18;A16;M;6083.0
PL19_A16_M;PL;19;A16;M;6741.0
PL20_A16_M;PL;20;A16;M;7380.0
PL21_A16_M;PL;21;A16;M;8015.0
PL22_A16_M;PL;22;A16;M;8410.0
PL23_A16_M;PL;23;A16;M;9299.0
PL24_A16_M;PL;24;A16;M;10823.0
PT15_A16_M;PT;15;A16;M;7509.0
PT16_A16_M;PT;16;A16;M;7880.0
PT17_A16_M;PT;17;A16;M;8140.0
PT18_A16_M;PT;18;A16;M;8552.0
PT19_A16_M;PT;19;A16;M;9184.0
PT20_A16_M;PT;20;A16;M;10099.0
PT21_A16_M;PT;21;A16;M;10234.0
PT22_A16_M;PT;22;A16;M;10230.0
PT23_A16_M;PT;23;A16;M;11610.0
PT24_A16_M;PT;24;A16;M;12177.0
RO15_A16_M;RO;15;A16;M;1770.0
RO16_A16_M;RO;16;A16;M;1974.0
RO17_A16_M;RO;17;A16;M;2279.0
RO18_A16_M;RO;18;A16;M;2905.0
RO19_A16_M;RO;19;A16;M;3315.0
RO20_A16_M;RO;20;A16;M;3625.0
RO21_A16_M;RO;21;A16;M;4179.0
RO22_A16_M;RO;22;A16;M;4617.0
RO23_A16_M;RO;23;A16;M;5755.0
RO24_A16_M;RO;24;A16;M;7029.0
SI15_A16_M;SI;15;A16;M;12281.0
SI16_A16_M;SI;16;A16;M;12346.0
SI17_A16_M;SI;17;A16;M;12962.0
SI18_A16_M;SI;18;A16;M;13381.0
SI19_A16_M;SI;19;A16;M;14551.0
SI20_A16_M;SI;20;A16;M;14995.0
SI21_A16_M;SI;21;A16;M;15324.0
SI22_A16_M;SI;22;A16;M;17025.0
SI23_A16_M;SI;23;A16;M;18285.0
SI24_A16_M;SI;24;A16;M;20235.0
SK15_A16_M;SK;15;A16;M;6937.0
SK16_A16_M;SK;16;A16;M;6849.0
SK17_A16_M;SK;17;A16;M;6980.0
SK18_A16_M;SK;18;A16;M;7151.0
SK19_A16_M;SK;19;A16;M;7609.0
SK20_A16_M;SK;20;A16;M;8518.0
SK21_A16_M;SK;21;A16;M;7893.0
SK22_A16_M;SK;22;A16;M;8270.0
SK23_A16_M;SK;23;A16;M;8304.0
SK24_A16_M;SK;24;A16;M;9113.0
FI15_A16_M;FI;15;A16;M;20078.0
FI16_A16_M;FI;16;A16;M;20353.0
FI17_A16_M;FI;17;A16;M;21027.0
FI18_A16_M;FI;18;A16;M;21608.0
FI19_A16_M;FI;19;A16;M;22379.0
FI20_A16_M;FI;20;A16;M;23460.0
FI21_A16_M;FI;21;A16;M;22382.0
FI22_A16_M;FI;22;A16;M;22900.0
FI23_A16_M;FI;23;A16;M;23542.0
FI24_A16_M;FI;24;A16;M;25113.0
SE15_A16_M;SE;15;A16;M;21730.0
SE16_A16_M;SE;16;A16;M;21823.0
SE17_A16_M;SE;17;A16;M;22506.0
SE18_A16_M;SE;18;A16;M;22481.0
SE19_A16_M;SE;19;A16;M;21320.0
SE20_A16_M;SE;20;A16;M;21282.0
SE21_A16_M;SE;21;A16;M;22351.0
SE22_A16_M;SE;22;A16;M;25004.0
SE23_A16_M;SE;23;A16;M;24453.0
SE24_A16_M;SE;24;A16;M;25139.0
