indicator_ID;country_ID;year_ID;KPI_ID;value
EU12_CON;EU;12;CON;231037.0
EU12_INC;EU;12;INC;242021.0
EU12_HVPI;EU;12;HVPI;98.0
EU12_INF;EU;12;INF;2.6
EU12_SAVN;EU;12;SAVN;15543.0
EU12_SAVR;EU;12;SAVR;7.497777777777778
EU13_CON;EU;13;CON;232071.0
EU13_INC;EU;13;INC;243075.0
EU13_HVPI;EU;13;HVPI;99.0
EU13_INF;EU;13;INF;1.3
EU13_SAVN;EU;13;SAVN;15719.0
EU13_SAVR;EU;13;SAVR;7.920000000000001
EU14_CON;EU;14;CON;235210.0
EU14_INC;EU;14;INC;246891.0
EU14_HVPI;EU;14;HVPI;99.0
EU14_INF;EU;14;INF;0.4
EU14_SAVN;EU;14;SAVN;16375.0
EU14_SAVR;EU;14;SAVR;7.895925925925926
EU15_CON;EU;15;CON;241094.0
EU15_INC;EU;15;INC;252831.0
EU15_HVPI;EU;15;HVPI;100.0
EU15_INF;EU;15;INF;0.1
EU15_SAVN;EU;15;SAVN;16428.0
EU15_SAVR;EU;15;SAVR;8.295925925925925
EU16_CON;EU;16;CON;246785.0
EU16_INC;EU;16;INC;259480.0
EU16_HVPI;EU;16;HVPI;100.0
EU16_INF;EU;16;INF;0.2
EU16_SAVN;EU;16;SAVN;17394.0
EU16_SAVR;EU;16;SAVR;8.83
EU17_CON;EU;17;CON;256199.0
EU17_INC;EU;17;INC;268274.0
EU17_HVPI;EU;17;HVPI;101.0
EU17_INF;EU;17;INF;1.6
EU17_SAVN;EU;17;SAVN;16924.0
EU17_SAVR;EU;17;SAVR;8.437037037037037
EU18_CON;EU;18;CON;264906.0
EU18_INC;EU;18;INC;277513.0
EU18_HVPI;EU;18;HVPI;103.0
EU18_INF;EU;18;INF;1.8
EU18_SAVN;EU;18;SAVN;17636.0
EU18_SAVR;EU;18;SAVR;8.763703703703705
EU19_CON;EU;19;CON;272204.0
EU19_INC;EU;19;INC;287273.0
EU19_HVPI;EU;19;HVPI;105.0
EU19_INF;EU;19;INF;1.4
EU19_SAVN;EU;19;SAVN;20419.0
EU19_SAVR;EU;19;SAVR;10.09
EU20_CON;EU;20;CON;253638.0
EU20_INC;EU;20;INC;287418.0
EU20_HVPI;EU;20;HVPI;105.0
EU20_INF;EU;20;INF;0.7
EU20_SAVN;EU;20;SAVN;38653.0
EU20_SAVR;EU;20;SAVR;15.68962962962963
EU21_CON;EU;21;CON;272827.0
EU21_INC;EU;21;INC;300797.0
EU21_HVPI;EU;21;HVPI;108.0
EU21_INF;EU;21;INF;2.9
EU21_SAVN;EU;21;SAVN;33361.0
EU21_SAVR;EU;21;SAVR;13.44888888888889
EU22_CON;EU;22;CON;306402.0
EU22_INC;EU;22;INC;323130.0
EU22_HVPI;EU;22;HVPI;118.0
EU22_INF;EU;22;INF;9.2
EU22_SAVN;EU;22;SAVN;22601.0
EU22_SAVR;EU;22;SAVR;9.467037037037036
EU23_CON;EU;23;CON;327668.0
EU23_INC;EU;23;INC;348827.0
EU23_HVPI;EU;23;HVPI;126.0
EU23_INF;EU;23;INF;6.4
EU23_SAVN;EU;23;SAVN;27277.0
EU23_SAVR;EU;23;SAVR;10.188437450083187
BE12_CON;BE;12;CON;199749.0
BE12_INC;BE;12;INC;214222.0
BE12_HVPI;BE;12;HVPI;97.0
BE12_INF;BE;12;INF;2.6
BE12_SAVN;BE;12;SAVN;17644.0
BE12_SAVR;BE;12;SAVR;14.3
BE13_CON;BE;13;CON;204476.0
BE13_INC;BE;13;INC;216093.0
BE13_HVPI;BE;13;HVPI;98.0
BE13_INF;BE;13;INF;1.2
BE13_SAVN;BE;13;SAVN;14927.0
BE13_SAVR;BE;13;SAVR;13.26
BE14_CON;BE;14;CON;208227.0
BE14_INC;BE;14;INC;218886.0
BE14_HVPI;BE;14;HVPI;99.0
BE14_INF;BE;14;INF;0.5
BE14_SAVN;BE;14;SAVN;13858.0
BE14_SAVR;BE;14;SAVR;12.74
BE15_CON;BE;15;CON;213176.0
BE15_INC;BE;15;INC;221368.0
BE15_HVPI;BE;15;HVPI;100.0
BE15_INF;BE;15;INF;0.6
BE15_SAVN;BE;15;SAVN;11304.0
BE15_SAVR;BE;15;SAVR;11.68
BE16_CON;BE;16;CON;219724.0
BE16_INC;BE;16;INC;228012.0
BE16_HVPI;BE;16;HVPI;101.0
BE16_INF;BE;16;INF;1.8
BE16_SAVN;BE;16;SAVN;11506.0
BE16_SAVR;BE;16;SAVR;11.58
BE17_CON;BE;17;CON;228529.0
BE17_INC;BE;17;INC;236290.0
BE17_HVPI;BE;17;HVPI;104.0
BE17_INF;BE;17;INF;2.2
BE17_SAVN;BE;17;SAVN;10689.0
BE17_SAVR;BE;17;SAVR;11.18
BE18_CON;BE;18;CON;236930.0
BE18_INC;BE;18;INC;244326.0
BE18_HVPI;BE;18;HVPI;106.0
BE18_INF;BE;18;INF;2.3
BE18_SAVN;BE;18;SAVN;10554.0
BE18_SAVR;BE;18;SAVR;10.94
BE19_CON;BE;19;CON;243826.0
BE19_INC;BE;19;INC;255266.0
BE19_HVPI;BE;19;HVPI;107.0
BE19_INF;BE;19;INF;1.2
BE19_SAVN;BE;19;SAVN;14750.0
BE19_SAVR;BE;19;SAVR;12.26
BE20_CON;BE;20;CON;228198.0
BE20_INC;BE;20;INC;259897.0
BE20_HVPI;BE;20;HVPI;108.0
BE20_INF;BE;20;INF;0.4
BE20_SAVN;BE;20;SAVN;34473.0
BE20_SAVR;BE;20;SAVR;19.25
BE21_CON;BE;21;CON;247287.0
BE21_INC;BE;21;INC;273452.0
BE21_HVPI;BE;21;HVPI;111.0
BE21_INF;BE;21;INF;3.2
BE21_SAVN;BE;21;SAVN;28554.0
BE21_SAVR;BE;21;SAVR;16.79
BE22_CON;BE;22;CON;282475.0
BE22_INC;BE;22;INC;298136.0
BE22_HVPI;BE;22;HVPI;123.0
BE22_INF;BE;22;INF;10.3
BE22_SAVN;BE;22;SAVN;18497.0
BE22_SAVR;BE;22;SAVR;12.84
BE23_CON;BE;23;CON;301065.0
BE23_INC;BE;23;INC;323662.0
BE23_HVPI;BE;23;HVPI;126.0
BE23_INF;BE;23;INF;2.3
BE23_SAVN;BE;23;SAVN;25572.0
BE23_SAVR;BE;23;SAVR;14.24
BG12_CON;BG;12;CON;27554.0
BG12_INC;BG;12;INC;25019.0
BG12_HVPI;BG;12;HVPI;102.0
BG12_INF;BG;12;INF;2.4
BG12_SAVN;BG;12;SAVN;-2129.0
BG12_SAVR;BG;12;SAVR;-6.93
BG13_CON;BG;13;CON;26093.0
BG13_INC;BG;13;INC;25457.0
BG13_HVPI;BG;13;HVPI;102.0
BG13_INF;BG;13;INF;0.4
BG13_SAVN;BG;13;SAVN;-184.0
BG13_SAVR;BG;13;SAVR;0.73
BG14_CON;BG;14;CON;26804.0
BG14_INC;BG;14;INC;25775.0
BG14_HVPI;BG;14;HVPI;101.0
BG14_INF;BG;14;INF;-1.6
BG14_SAVN;BG;14;SAVN;-466.0
BG14_SAVR;BG;14;SAVR;-0.14
BG15_CON;BG;15;CON;28146.0
BG15_INC;BG;15;INC;26768.0
BG15_HVPI;BG;15;HVPI;100.0
BG15_INF;BG;15;INF;-1.1
BG15_SAVN;BG;15;SAVN;-733.0
BG15_SAVR;BG;15;SAVR;-1.03
BG16_CON;BG;16;CON;29208.0
BG16_INC;BG;16;INC;27961.0
BG16_HVPI;BG;16;HVPI;98.0
BG16_INF;BG;16;INF;-1.3
BG16_SAVN;BG;16;SAVN;-690.0
BG16_SAVR;BG;16;SAVR;-1.02
BG17_CON;BG;17;CON;31333.0
BG17_INC;BG;17;INC;30033.0
BG17_HVPI;BG;17;HVPI;99.0
BG17_INF;BG;17;INF;1.2
BG17_SAVN;BG;17;SAVN;-505.0
BG17_SAVR;BG;17;SAVR;-0.24
BG18_CON;BG;18;CON;33231.0
BG18_INC;BG;18;INC;33307.0
BG18_HVPI;BG;18;HVPI;102.0
BG18_INF;BG;18;INF;2.6
BG18_SAVN;BG;18;SAVN;821.0
BG18_SAVR;BG;18;SAVR;3.75
BG19_CON;BG;19;CON;35943.0
BG19_INC;BG;19;INC;34702.0
BG19_HVPI;BG;19;HVPI;104.0
BG19_INF;BG;19;INF;2.5
BG19_SAVN;BG;19;SAVN;-441.0
BG19_SAVR;BG;19;SAVR;0.23
BG20_CON;BG;20;CON;35664.0
BG20_INC;BG;20;INC;34152.0
BG20_HVPI;BG;20;HVPI;106.0
BG20_INF;BG;20;INF;1.2
BG20_SAVN;BG;20;SAVN;-682.0
BG20_SAVR;BG;20;SAVR;-0.49
BG21_CON;BG;21;CON;41049.0
BG21_INC;BG;21;INC;37445.0
BG21_HVPI;BG;21;HVPI;109.0
BG21_INF;BG;21;INF;2.8
BG21_SAVN;BG;21;SAVN;-2635.0
BG21_SAVR;BG;21;SAVR;-5.46
BG22_CON;BG;22;CON;49457.0
BG22_INC;BG;22;INC;44859.0
BG22_HVPI;BG;22;HVPI;123.0
BG22_INF;BG;22;INF;13.0
BG22_SAVN;BG;22;SAVN;-3521.0
BG22_SAVR;BG;22;SAVR;-6.4
BG23_CON;BG;23;CON;52889.0
BG23_INC;BG;23;INC;48426.0
BG23_HVPI;BG;23;HVPI;134.0
BG23_INF;BG;23;INF;8.6
BG23_SAVN;BG;23;SAVN;-2785.0
BG23_SAVR;BG;23;SAVR;-6.106637151253768
CZ12_CON;CZ;12;CON;81065.0
CZ12_INC;CZ;12;INC;85749.0
CZ12_HVPI;CZ;12;HVPI;98.0
CZ12_INF;CZ;12;INF;3.5
CZ12_SAVN;CZ;12;SAVN;5263.0
CZ12_SAVR;CZ;12;SAVR;11.5
CZ13_CON;CZ;13;CON;79549.0
CZ13_INC;CZ;13;INC;82782.0
CZ13_HVPI;CZ;13;HVPI;99.0
CZ13_INF;CZ;13;INF;1.4
CZ13_SAVN;CZ;13;SAVN;4782.0
CZ13_SAVR;CZ;13;SAVR;11.06
CZ14_CON;CZ;14;CON;76935.0
CZ14_INC;CZ;14;INC;81080.0
CZ14_HVPI;CZ;14;HVPI;99.0
CZ14_INF;CZ;14;INF;0.4
CZ14_SAVN;CZ;14;SAVN;5503.0
CZ14_SAVR;CZ;14;SAVR;12.08
CZ15_CON;CZ;15;CON;80929.0
CZ15_INC;CZ;15;INC;84175.0
CZ15_HVPI;CZ;15;HVPI;100.0
CZ15_INF;CZ;15;INF;0.3
CZ15_SAVN;CZ;15;SAVN;4563.0
CZ15_SAVR;CZ;15;SAVR;11.01
CZ16_CON;CZ;16;CON;85425.0
CZ16_INC;CZ;16;INC;88239.0
CZ16_HVPI;CZ;16;HVPI;100.0
CZ16_INF;CZ;16;INF;0.6
CZ16_SAVN;CZ;16;SAVN;4024.0
CZ16_SAVR;CZ;16;SAVR;10.38
CZ17_CON;CZ;17;CON;94318.0
CZ17_INC;CZ;17;INC;97669.0
CZ17_HVPI;CZ;17;HVPI;103.0
CZ17_INF;CZ;17;INF;2.4
CZ17_SAVN;CZ;17;SAVN;4608.0
CZ17_SAVR;CZ;17;SAVR;10.6
CZ18_CON;CZ;18;CON;102946.0
CZ18_INC;CZ;18;INC;107534.0
CZ18_HVPI;CZ;18;HVPI;105.0
CZ18_INF;CZ;18;INF;2.0
CZ18_SAVN;CZ;18;SAVN;5999.0
CZ18_SAVR;CZ;18;SAVR;11.47
CZ19_CON;CZ;19;CON;109035.0
CZ19_INC;CZ;19;INC;114169.0
CZ19_HVPI;CZ;19;HVPI;107.0
CZ19_INF;CZ;19;INF;2.6
CZ19_SAVN;CZ;19;SAVN;6620.0
CZ19_SAVR;CZ;19;SAVR;11.85
CZ20_CON;CZ;20;CON;101755.0
CZ20_INC;CZ;20;INC;115005.0
CZ20_HVPI;CZ;20;HVPI;111.0
CZ20_INF;CZ;20;INF;3.3
CZ20_SAVN;CZ;20;SAVN;14753.0
CZ20_SAVR;CZ;20;SAVR;18.83
CZ21_CON;CZ;21;CON;113927.0
CZ21_INC;CZ;21;INC;129673.0
CZ21_HVPI;CZ;21;HVPI;115.0
CZ21_INF;CZ;21;INF;3.3
CZ21_SAVN;CZ;21;SAVN;17335.0
CZ21_SAVR;CZ;21;SAVR;19.78
CZ22_CON;CZ;22;CON;136710.0
CZ22_INC;CZ;22;INC;153928.0
CZ22_HVPI;CZ;22;HVPI;132.0
CZ22_INF;CZ;22;INF;14.8
CZ22_SAVN;CZ;22;SAVN;18301.0
CZ22_SAVR;CZ;22;SAVR;18.47
CZ23_CON;CZ;23;CON;147829.0
CZ23_INC;CZ;23;INC;173483.0
CZ23_HVPI;CZ;23;HVPI;147.0
CZ23_INF;CZ;23;INF;12.0
CZ23_SAVN;CZ;23;SAVN;25706.0
CZ23_SAVR;CZ;23;SAVR;20.84
DK12_CON;DK;12;CON;118981.0
DK12_INC;DK;12;INC;108462.0
DK12_HVPI;DK;12;HVPI;98.0
DK12_INF;DK;12;INF;2.4
DK12_SAVN;DK;12;SAVN;-2487.0
DK12_SAVR;DK;12;SAVR;5.13
DK13_CON;DK;13;CON;121662.0
DK13_INC;DK;13;INC;110065.0
DK13_HVPI;DK;13;HVPI;99.0
DK13_INF;DK;13;INF;0.5
DK13_SAVN;DK;13;SAVN;-1821.0
DK13_SAVR;DK;13;SAVR;5.49
DK14_CON;DK;14;CON;122190.0
DK14_INC;DK;14;INC;110570.0
DK14_HVPI;DK;14;HVPI;99.0
DK14_INF;DK;14;INF;0.4
DK14_SAVN;DK;14;SAVN;-7530.0
DK14_SAVR;DK;14;SAVR;1.1
DK15_CON;DK;15;CON;124804.0
DK15_INC;DK;15;INC;115997.0
DK15_HVPI;DK;15;HVPI;100.0
DK15_INF;DK;15;INF;0.2
DK15_SAVN;DK;15;SAVN;2223.0
DK15_SAVR;DK;15;SAVR;8.23
DK16_CON;DK;16;CON;129224.0
DK16_INC;DK;16;INC;122638.0
DK16_HVPI;DK;16;HVPI;100.0
DK16_INF;DK;16;INF;0.0
DK16_SAVN;DK;16;SAVN;3285.0
DK16_SAVR;DK;16;SAVR;8.83
DK17_CON;DK;17;CON;134312.0
DK17_INC;DK;17;INC;126756.0
DK17_HVPI;DK;17;HVPI;101.0
DK17_INF;DK;17;INF;1.1
DK17_SAVN;DK;17;SAVN;4474.0
DK17_SAVR;DK;17;SAVR;9.35
DK18_CON;DK;18;CON;139824.0
DK18_INC;DK;18;INC;131773.0
DK18_HVPI;DK;18;HVPI;101.0
DK18_INF;DK;18;INF;0.7
DK18_SAVN;DK;18;SAVN;4913.0
DK18_SAVR;DK;18;SAVR;9.41
DK19_CON;DK;19;CON;143163.0
DK19_INC;DK;19;INC;135302.0
DK19_HVPI;DK;19;HVPI;102.0
DK19_INF;DK;19;INF;0.7
DK19_SAVN;DK;19;SAVN;2386.0
DK19_SAVR;DK;19;SAVR;7.89
DK20_CON;DK;20;CON;141662.0
DK20_INC;DK;20;INC;135512.0
DK20_HVPI;DK;20;HVPI;102.0
DK20_INF;DK;20;INF;0.3
DK20_SAVN;DK;20;SAVN;3880.0
DK20_SAVR;DK;20;SAVR;8.98
DK21_CON;DK;21;CON;153015.0
DK21_INC;DK;21;INC;139594.0
DK21_HVPI;DK;21;HVPI;104.0
DK21_INF;DK;21;INF;1.9
DK21_SAVN;DK;21;SAVN;-73.0
DK21_SAVR;DK;21;SAVR;6.43
DK22_CON;DK;22;CON;161043.0
DK22_INC;DK;22;INC;154412.0
DK22_HVPI;DK;22;HVPI;113.0
DK22_INF;DK;22;INF;8.5
DK22_SAVN;DK;22;SAVN;8619.0
DK22_SAVR;DK;22;SAVR;10.91
DK23_CON;DK;23;CON;161250.0
DK23_INC;DK;23;INC;161902.0
DK23_HVPI;DK;23;HVPI;117.0
DK23_INF;DK;23;INF;3.4
DK23_SAVN;DK;23;SAVN;14535.0
DK23_SAVR;DK;23;SAVR;14.12
DE12_CON;DE;12;CON;1503418.0
DE12_INC;DE;12;INC;1617417.0
DE12_HVPI;DE;12;HVPI;97.0
DE12_INF;DE;12;INF;2.2
DE12_SAVN;DE;12;SAVN;166119.0
DE12_SAVR;DE;12;SAVR;16.63
DE13_CON;DE;13;CON;1528847.0
DE13_INC;DE;13;INC;1639876.0
DE13_HVPI;DE;13;HVPI;98.0
DE13_INF;DE;13;INF;1.6
DE13_SAVN;DE;13;SAVN;162499.0
DE13_SAVR;DE;13;SAVR;16.5
DE14_CON;DE;14;CON;1560362.0
DE14_INC;DE;14;INC;1680859.0
DE14_HVPI;DE;14;HVPI;99.0
DE14_INF;DE;14;INF;0.8
DE14_SAVN;DE;14;SAVN;174241.0
DE14_SAVR;DE;14;SAVR;17.0
DE15_CON;DE;15;CON;1604872.0
DE15_INC;DE;15;INC;1732228.0
DE15_HVPI;DE;15;HVPI;100.0
DE15_INF;DE;15;INF;0.7
DE15_SAVN;DE;15;SAVN;182188.0
DE15_SAVR;DE;15;SAVR;17.16
DE16_CON;DE;16;CON;1651744.0
DE16_INC;DE;16;INC;1786047.0
DE16_HVPI;DE;16;HVPI;100.0
DE16_INF;DE;16;INF;0.4
DE16_SAVN;DE;16;SAVN;187234.0
DE16_SAVR;DE;16;SAVR;17.2
DE17_CON;DE;17;CON;1703981.0
DE17_INC;DE;17;INC;1845358.0
DE17_HVPI;DE;17;HVPI;102.0
DE17_INF;DE;17;INF;1.7
DE17_SAVN;DE;17;SAVN;199218.0
DE17_SAVR;DE;17;SAVR;17.53
DE18_CON;DE;18;CON;1757543.0
DE18_INC;DE;18;INC;1920328.0
DE18_HVPI;DE;18;HVPI;104.0
DE18_INF;DE;18;INF;1.9
DE18_SAVN;DE;18;SAVN;217814.0
DE18_SAVR;DE;18;SAVR;18.17
DE19_CON;DE;19;CON;1813709.0
DE19_INC;DE;19;INC;1966165.0
DE19_HVPI;DE;19;HVPI;105.0
DE19_INF;DE;19;INF;1.4
DE19_SAVN;DE;19;SAVN;211023.0
DE19_SAVR;DE;19;SAVR;17.8
DE20_CON;DE;20;CON;1695608.0
DE20_INC;DE;20;INC;1967301.0
DE20_HVPI;DE;20;HVPI;105.0
DE20_INF;DE;20;INF;0.4
DE20_SAVN;DE;20;SAVN;327031.0
DE20_SAVR;DE;20;SAVR;23.29
DE21_CON;DE;21;CON;1786727.0
DE21_INC;DE;21;INC;2024038.0
DE21_HVPI;DE;21;HVPI;109.0
DE21_INF;DE;21;INF;3.2
DE21_SAVN;DE;21;SAVN;296515.0
DE21_SAVR;DE;21;SAVR;21.94
DE22_CON;DE;22;CON;2017981.0
DE22_INC;DE;22;INC;2186293.0
DE22_HVPI;DE;22;HVPI;118.0
DE22_INF;DE;22;INF;8.7
DE22_SAVN;DE;22;SAVN;231115.0
DE22_SAVR;DE;22;SAVR;18.87
DE23_CON;DE;23;CON;2145449.0
DE23_INC;DE;23;INC;2337694.0
DE23_HVPI;DE;23;HVPI;125.0
DE23_INF;DE;23;INF;6.0
DE23_SAVN;DE;23;SAVN;249974.0
DE23_SAVR;DE;23;SAVR;19.21
EE12_CON;EE;12;CON;9015.0
EE12_INC;EE;12;INC;8798.0
EE12_HVPI;EE;12;HVPI;96.0
EE12_INF;EE;12;INF;4.2
EE12_SAVN;EE;12;SAVN;4.0
EE12_SAVR;EE;12;SAVR;5.32
EE13_CON;EE;13;CON;9699.0
EE13_INC;EE;13;INC;9659.0
EE13_HVPI;EE;13;HVPI;99.0
EE13_INF;EE;13;INF;3.2
EE13_SAVN;EE;13;SAVN;213.0
EE13_SAVR;EE;13;SAVR;7.1
EE14_CON;EE;14;CON;10161.0
EE14_INC;EE;14;INC;10012.0
EE14_HVPI;EE;14;HVPI;99.0
EE14_INF;EE;14;INF;0.5
EE14_SAVN;EE;14;SAVN;165.0
EE14_SAVR;EE;14;SAVR;6.44
EE15_CON;EE;15;CON;10650.0
EE15_INC;EE;15;INC;10711.0
EE15_HVPI;EE;15;HVPI;100.0
EE15_INF;EE;15;INF;0.1
EE15_SAVN;EE;15;SAVN;424.0
EE15_SAVR;EE;15;SAVR;8.34
EE16_CON;EE;16;CON;11273.0
EE16_INC;EE;16;INC;11233.0
EE16_HVPI;EE;16;HVPI;100.0
EE16_INF;EE;16;INF;0.8
EE16_SAVN;EE;16;SAVN;348.0
EE16_SAVR;EE;16;SAVR;7.36
EE17_CON;EE;17;CON;12059.0
EE17_INC;EE;17;INC;12105.0
EE17_HVPI;EE;17;HVPI;104.0
EE17_INF;EE;17;INF;3.7
EE17_SAVN;EE;17;SAVN;483.0
EE17_SAVR;EE;17;SAVR;8.08
EE18_CON;EE;18;CON;13071.0
EE18_INC;EE;18;INC;13687.0
EE18_HVPI;EE;18;HVPI;108.0
EE18_INF;EE;18;INF;3.4
EE18_SAVN;EE;18;SAVN;1015.0
EE18_SAVR;EE;18;SAVR;11.12
EE19_CON;EE;19;CON;14000.0
EE19_INC;EE;19;INC;14549.0
EE19_HVPI;EE;19;HVPI;110.0
EE19_INF;EE;19;INF;2.3
EE19_SAVN;EE;19;SAVN;947.0
EE19_SAVR;EE;19;SAVR;10.32
EE20_CON;EE;20;CON;13669.0
EE20_INC;EE;20;INC;14767.0
EE20_HVPI;EE;20;HVPI;109.0
EE20_INF;EE;20;INF;-0.6
EE20_SAVN;EE;20;SAVN;1434.0
EE20_SAVR;EE;20;SAVR;13.22
EE21_CON;EE;21;CON;15258.0
EE21_INC;EE;21;INC;16012.0
EE21_HVPI;EE;21;HVPI;114.0
EE21_INF;EE;21;INF;4.5
EE21_SAVN;EE;21;SAVN;754.0
EE21_SAVR;EE;21;SAVR;8.74
EE22_CON;EE;22;CON;18475.0
EE22_INC;EE;22;INC;18209.0
EE22_HVPI;EE;22;HVPI;137.0
EE22_INF;EE;22;INF;19.4
EE22_SAVN;EE;22;SAVN;-266.0
EE22_SAVR;EE;22;SAVR;2.96
EE23_CON;EE;23;CON;19813.0
EE23_INC;EE;23;INC;19553.0
EE23_HVPI;EE;23;HVPI;149.0
EE23_INF;EE;23;INF;9.1
EE23_SAVN;EE;23;SAVN;-261.0
EE23_SAVR;EE;23;SAVR;3.25
IE12_CON;IE;12;CON;77437.0
IE12_INC;IE;12;INC;84056.0
IE12_HVPI;IE;12;HVPI;99.0
IE12_INF;IE;12;INF;1.9
IE12_SAVN;IE;12;SAVN;8852.0
IE12_SAVR;IE;12;SAVR;14.44
IE13_CON;IE;13;CON;78815.0
IE13_INC;IE;13;INC;83605.0
IE13_HVPI;IE;13;HVPI;99.0
IE13_INF;IE;13;INF;0.5
IE13_SAVN;IE;13;SAVN;6732.0
IE13_SAVR;IE;13;SAVR;12.28
IE14_CON;IE;14;CON;81661.0
IE14_INC;IE;14;INC;84899.0
IE14_HVPI;IE;14;HVPI;100.0
IE14_INF;IE;14;INF;0.3
IE14_SAVN;IE;14;SAVN;5443.0
IE14_SAVR;IE;14;SAVR;10.98
IE15_CON;IE;15;CON;85023.0
IE15_INC;IE;15;INC;89961.0
IE15_HVPI;IE;15;HVPI;100.0
IE15_INF;IE;15;INF;0.0
IE15_SAVN;IE;15;SAVN;6963.0
IE15_SAVR;IE;15;SAVR;12.09
IE16_CON;IE;16;CON;89168.0
IE16_INC;IE;16;INC;94554.0
IE16_HVPI;IE;16;HVPI;99.0
IE16_INF;IE;16;INF;-0.2
IE16_SAVN;IE;16;SAVN;7054.0
IE16_SAVR;IE;16;SAVR;11.89
IE17_CON;IE;17;CON;92771.0
IE17_INC;IE;17;INC;100829.0
IE17_HVPI;IE;17;HVPI;100.0
IE17_INF;IE;17;INF;0.3
IE17_SAVN;IE;17;SAVN;10396.0
IE17_SAVR;IE;17;SAVR;14.3
IE18_CON;IE;18;CON;98869.0
IE18_INC;IE;18;INC;105048.0
IE18_HVPI;IE;18;HVPI;100.0
IE18_INF;IE;18;INF;0.7
IE18_SAVN;IE;18;SAVN;8885.0
IE18_SAVR;IE;18;SAVR;12.7
IE19_CON;IE;19;CON;103621.0
IE19_INC;IE;19;INC;112840.0
IE19_HVPI;IE;19;HVPI;101.0
IE19_INF;IE;19;INF;0.9
IE19_SAVN;IE;19;SAVN;10956.0
IE19_SAVR;IE;19;SAVR;13.84
IE20_CON;IE;20;CON;92719.0
IE20_INC;IE;20;INC;119053.0
IE20_HVPI;IE;20;HVPI;101.0
IE20_INF;IE;20;INF;-0.5
IE20_SAVN;IE;20;SAVN;28005.0
IE20_SAVR;IE;20;SAVR;26.67
IE21_CON;IE;21;CON;104102.0
IE21_INC;IE;21;INC;124967.0
IE21_HVPI;IE;21;HVPI;103.0
IE21_INF;IE;21;INF;2.4
IE21_SAVN;IE;21;SAVN;24411.0
IE21_SAVR;IE;21;SAVR;22.72
IE22_CON;IE;22;CON;124193.0
IE22_INC;IE;22;INC;135066.0
IE22_HVPI;IE;22;HVPI;112.0
IE22_INF;IE;22;INF;8.1
IE22_SAVN;IE;22;SAVN;14386.0
IE22_SAVR;IE;22;SAVR;15.13
IE23_CON;IE;23;CON;140665.0
IE23_INC;IE;23;INC;150246.0
IE23_HVPI;IE;23;HVPI;117.0
IE23_INF;IE;23;INF;5.2
IE23_SAVN;IE;23;SAVN;13803.0
IE23_SAVR;IE;23;SAVR;13.34
GR12_CON;GR;12;CON;126952.0
GR12_INC;GR;12;INC;112458.0
GR12_HVPI;GR;12;HVPI;103.0
GR12_INF;GR;12;INF;1.0
GR12_SAVN;GR;12;SAVN;-14499.0
GR12_SAVR;GR;12;SAVR;-2.28
GR13_CON;GR;13;CON;120722.0
GR13_INC;GR;13;INC;104967.0
GR13_HVPI;GR;13;HVPI;102.0
GR13_INF;GR;13;INF;-0.9
GR13_SAVN;GR;13;SAVN;-15762.0
GR13_SAVR;GR;13;SAVR;-4.06
GR14_CON;GR;14;CON;117927.0
GR14_INC;GR;14;INC;107829.0
GR14_HVPI;GR;14;HVPI;101.0
GR14_INF;GR;14;INF;-1.4
GR14_SAVN;GR;14;SAVN;-10106.0
GR14_SAVR;GR;14;SAVR;0.26
GR15_CON;GR;15;CON;116723.0
GR15_INC;GR;15;INC;106439.0
GR15_HVPI;GR;15;HVPI;100.0
GR15_INF;GR;15;INF;-1.1
GR15_SAVN;GR;15;SAVN;-10292.0
GR15_SAVR;GR;15;SAVR;-0.36
GR16_CON;GR;16;CON;116006.0
GR16_INC;GR;16;INC;105872.0
GR16_HVPI;GR;16;HVPI;100.0
GR16_INF;GR;16;INF;0.0
GR16_SAVN;GR;16;SAVN;-10115.0
GR16_SAVR;GR;16;SAVR;-0.57
GR17_CON;GR;17;CON;119574.0
GR17_INC;GR;17;INC;108390.0
GR17_HVPI;GR;17;HVPI;101.0
GR17_INF;GR;17;INF;1.1
GR17_SAVN;GR;17;SAVN;-11136.0
GR17_SAVR;GR;17;SAVR;-1.66
GR18_CON;GR;18;CON;122536.0
GR18_INC;GR;18;INC;107139.0
GR18_HVPI;GR;18;HVPI;101.0
GR18_INF;GR;18;INF;0.8
GR18_SAVN;GR;18;SAVN;-15377.0
GR18_SAVR;GR;18;SAVR;-5.63
GR19_CON;GR;19;CON;125719.0
GR19_INC;GR;19;INC;115527.0
GR19_HVPI;GR;19;HVPI;102.0
GR19_INF;GR;19;INF;0.5
GR19_SAVN;GR;19;SAVN;-10171.0
GR19_SAVR;GR;19;SAVR;-1.32
GR20_CON;GR;20;CON;116480.0
GR20_INC;GR;20;INC;110166.0
GR20_HVPI;GR;20;HVPI;101.0
GR20_INF;GR;20;INF;-1.3
GR20_SAVN;GR;20;SAVN;-6290.0
GR20_SAVR;GR;20;SAVR;1.76
GR21_CON;GR;21;CON;123698.0
GR21_INC;GR;21;INC;122456.0
GR21_HVPI;GR;21;HVPI;101.0
GR21_INF;GR;21;INF;0.6
GR21_SAVN;GR;21;SAVN;-1216.0
GR21_SAVR;GR;21;SAVR;5.58
GR22_CON;GR;22;CON;142364.0
GR22_INC;GR;22;INC;130216.0
GR22_HVPI;GR;22;HVPI;111.0
GR22_INF;GR;22;INF;9.3
GR22_SAVN;GR;22;SAVN;-12123.0
GR22_SAVR;GR;22;SAVR;-2.27
GR23_CON;GR;23;CON;151720.0
GR23_INC;GR;23;INC;141082.0
GR23_HVPI;GR;23;HVPI;115.0
GR23_INF;GR;23;INF;4.2
GR23_SAVN;GR;23;SAVN;-10614.0
GR23_SAVR;GR;23;SAVR;-0.89
ES12_CON;ES;12;CON;605806.0
ES12_INC;ES;12;INC;627570.0
ES12_HVPI;ES;12;HVPI;99.0
ES12_INF;ES;12;INF;2.4
ES12_SAVN;ES;12;SAVN;20020.0
ES12_SAVR;ES;12;SAVR;6.99
ES13_CON;ES;13;CON;593795.0
ES13_INC;ES;13;INC;627499.0
ES13_HVPI;ES;13;HVPI;100.0
ES13_INF;ES;13;INF;1.5
ES13_SAVN;ES;13;SAVN;31245.0
ES13_SAVR;ES;13;SAVR;8.47
ES14_CON;ES;14;CON;604822.0
ES14_INC;ES;14;INC;629250.0
ES14_HVPI;ES;14;HVPI;100.0
ES14_INF;ES;14;INF;-0.2
ES14_SAVN;ES;14;SAVN;22440.0
ES14_SAVR;ES;14;SAVR;7.15
ES15_CON;ES;15;CON;622213.0
ES15_INC;ES;15;INC;655373.0
ES15_HVPI;ES;15;HVPI;100.0
ES15_INF;ES;15;INF;-0.6
ES15_SAVN;ES;15;SAVN;30219.0
ES15_SAVR;ES;15;SAVR;8.16
ES16_CON;ES;16;CON;640052.0
ES16_INC;ES;16;INC;672174.0
ES16_HVPI;ES;16;HVPI;99.0
ES16_INF;ES;16;INF;-0.3
ES16_SAVN;ES;16;SAVN;29012.0
ES16_SAVR;ES;16;SAVR;7.9
ES17_CON;ES;17;CON;670455.0
ES17_INC;ES;17;INC;692155.0
ES17_HVPI;ES;17;HVPI;101.0
ES17_INF;ES;17;INF;2.0
ES17_SAVN;ES;17;SAVN;18606.0
ES17_SAVR;ES;17;SAVR;6.29
ES18_CON;ES;18;CON;692652.0
ES18_INC;ES;18;INC;712540.0
ES18_HVPI;ES;18;HVPI;103.0
ES18_INF;ES;18;INF;1.7
ES18_SAVN;ES;18;SAVN;17057.0
ES18_SAVR;ES;18;SAVR;5.98
ES19_CON;ES;19;CON;706458.0
ES19_INC;ES;19;INC;747978.0
ES19_HVPI;ES;19;HVPI;104.0
ES19_INF;ES;19;INF;0.8
ES19_SAVN;ES;19;SAVN;38768.0
ES19_SAVR;ES;19;SAVR;8.66
ES20_CON;ES;20;CON;620683.0
ES20_INC;ES;20;INC;729805.0
ES20_HVPI;ES;20;HVPI;103.0
ES20_INF;ES;20;INF;-0.3
ES20_SAVN;ES;20;SAVN;105295.0
ES20_SAVR;ES;20;SAVR;17.77
ES21_CON;ES;21;CON;679588.0
ES21_INC;ES;21;INC;764598.0
ES21_HVPI;ES;21;HVPI;107.0
ES21_INF;ES;21;INF;3.0
ES21_SAVN;ES;21;SAVN;82785.0
ES21_SAVR;ES;21;SAVR;14.29
ES22_CON;ES;22;CON;759001.0
ES22_INC;ES;22;INC;801958.0
ES22_HVPI;ES;22;HVPI;115.0
ES22_INF;ES;22;INF;8.3
ES22_SAVN;ES;22;SAVN;40782.0
ES22_SAVR;ES;22;SAVR;8.97
ES23_CON;ES;23;CON;814116.0
ES23_INC;ES;23;INC;888799.0
ES23_HVPI;ES;23;HVPI;119.0
ES23_INF;ES;23;INF;3.4
ES23_SAVN;ES;23;SAVN;73801.0
ES23_SAVR;ES;23;SAVR;11.96
FR12_CON;FR;12;CON;1101431.0
FR12_INC;FR;12;INC;1231453.0
FR12_HVPI;FR;12;HVPI;98.0
FR12_INF;FR;12;INF;2.2
FR12_SAVN;FR;12;SAVN;132561.0
FR12_SAVR;FR;12;SAVR;15.56
FR13_CON;FR;13;CON;1114393.0
FR13_INC;FR;13;INC;1226120.0
FR13_HVPI;FR;13;HVPI;99.0
FR13_INF;FR;13;INF;1.0
FR13_SAVN;FR;13;SAVN;114107.0
FR13_SAVR;FR;13;SAVR;14.21
FR14_CON;FR;14;CON;1126434.0
FR14_INC;FR;14;INC;1243092.0
FR14_HVPI;FR;14;HVPI;99.0
FR14_INF;FR;14;INF;0.6
FR14_SAVN;FR;14;SAVN;119106.0
FR14_SAVR;FR;14;SAVR;14.52
FR15_CON;FR;15;CON;1147048.0
FR15_INC;FR;15;INC;1257754.0
FR15_HVPI;FR;15;HVPI;100.0
FR15_INF;FR;15;INF;0.1
FR15_SAVN;FR;15;SAVN;113316.0
FR15_SAVR;FR;15;SAVR;13.98
FR16_CON;FR;16;CON;1169068.0
FR16_INC;FR;16;INC;1279348.0
FR16_HVPI;FR;16;HVPI;100.0
FR16_INF;FR;16;INF;0.3
FR16_SAVN;FR;16;SAVN;112891.0
FR16_SAVR;FR;16;SAVR;13.79
FR17_CON;FR;17;CON;1195310.0
FR17_INC;FR;17;INC;1309912.0
FR17_HVPI;FR;17;HVPI;101.0
FR17_INF;FR;17;INF;1.2
FR17_SAVN;FR;17;SAVN;117323.0
FR17_SAVR;FR;17;SAVR;14.01
FR18_CON;FR;18;CON;1231762.0
FR18_INC;FR;18;INC;1345906.0
FR18_HVPI;FR;18;HVPI;103.0
FR18_INF;FR;18;INF;2.1
FR18_SAVN;FR;18;SAVN;117066.0
FR18_SAVR;FR;18;SAVR;13.87
FR19_CON;FR;19;CON;1262531.0
FR19_INC;FR;19;INC;1389939.0
FR19_HVPI;FR;19;HVPI;104.0
FR19_INF;FR;19;INF;1.3
FR19_SAVN;FR;19;SAVN;130371.0
FR19_SAVR;FR;19;SAVR;14.62
FR20_CON;FR;20;CON;1190000.0
FR20_INC;FR;20;INC;1400348.0
FR20_HVPI;FR;20;HVPI;105.0
FR20_INF;FR;20;INF;0.5
FR20_SAVN;FR;20;SAVN;215608.0
FR20_SAVR;FR;20;SAVR;20.43
FR21_CON;FR;21;CON;1269169.0
FR21_INC;FR;21;INC;1465582.0
FR21_HVPI;FR;21;HVPI;107.0
FR21_INF;FR;21;INF;2.1
FR21_SAVN;FR;21;SAVN;202160.0
FR21_SAVR;FR;21;SAVR;19.07
FR22_CON;FR;22;CON;1372393.0
FR22_INC;FR;22;INC;1536957.0
FR22_HVPI;FR;22;HVPI;114.0
FR22_INF;FR;22;INF;5.9
FR22_SAVN;FR;22;SAVN;171233.0
FR22_SAVR;FR;22;SAVR;16.83
FR23_CON;FR;23;CON;1481594.0
FR23_INC;FR;23;INC;1663841.0
FR23_HVPI;FR;23;HVPI;120.0
FR23_INF;FR;23;INF;5.7
FR23_SAVN;FR;23;SAVN;190505.0
FR23_SAVR;FR;23;SAVR;16.89
HR12_CON;HR;12;CON;26845.0
HR12_INC;HR;12;INC;26328.0
HR12_HVPI;HR;12;HVPI;97.0
HR12_INF;HR;12;INF;3.4
HR12_SAVN;HR;12;SAVN;409.0
HR12_SAVR;HR;12;SAVR;7.81
HR13_CON;HR;13;CON;26727.0
HR13_INC;HR;13;INC;25993.0
HR13_HVPI;HR;13;HVPI;100.0
HR13_INF;HR;13;INF;2.3
HR13_SAVN;HR;13;SAVN;264.0
HR13_SAVR;HR;13;SAVR;7.36
HR14_CON;HR;14;CON;25768.0
HR14_INC;HR;14;INC;25879.0
HR14_HVPI;HR;14;HVPI;100.0
HR14_INF;HR;14;INF;0.2
HR14_SAVN;HR;14;SAVN;1069.0
HR14_SAVR;HR;14;SAVR;10.08
HR15_CON;HR;15;CON;25800.0
HR15_INC;HR;15;INC;25443.0
HR15_HVPI;HR;15;HVPI;100.0
HR15_INF;HR;15;INF;-0.3
HR15_SAVN;HR;15;SAVN;662.0
HR15_SAVR;HR;15;SAVR;8.75
HR16_CON;HR;16;CON;26580.0
HR16_INC;HR;16;INC;26913.0
HR16_HVPI;HR;16;HVPI;99.0
HR16_INF;HR;16;INF;-0.6
HR16_SAVN;HR;16;SAVN;1398.0
HR16_SAVR;HR;16;SAVR;11.01
HR17_CON;HR;17;CON;27931.0
HR17_INC;HR;17;INC;27630.0
HR17_HVPI;HR;17;HVPI;100.0
HR17_INF;HR;17;INF;1.3
HR17_SAVN;HR;17;SAVN;804.0
HR17_SAVR;HR;17;SAVR;9.03
HR18_CON;HR;18;CON;29460.0
HR18_INC;HR;18;INC;29414.0
HR18_HVPI;HR;18;HVPI;102.0
HR18_INF;HR;18;INF;1.6
HR18_SAVN;HR;18;SAVN;1112.0
HR18_SAVR;HR;18;SAVR;9.68
HR19_CON;HR;19;CON;30974.0
HR19_INC;HR;19;INC;30815.0
HR19_HVPI;HR;19;HVPI;103.0
HR19_INF;HR;19;INF;0.8
HR19_SAVN;HR;19;SAVN;1097.0
HR19_SAVR;HR;19;SAVR;9.35
HR20_CON;HR;20;CON;29080.0
HR20_INC;HR;20;INC;30607.0
HR20_HVPI;HR;20;HVPI;103.0
HR20_INF;HR;20;INF;0.0
HR20_SAVN;HR;20;SAVN;2690.0
HR20_SAVR;HR;20;SAVR;13.84
HR21_CON;HR;21;CON;33091.0
HR21_INC;HR;21;INC;34339.0
HR21_HVPI;HR;21;HVPI;105.0
HR21_INF;HR;21;INF;2.7
HR21_SAVN;HR;21;SAVN;2470.0
HR21_SAVR;HR;21;SAVR;12.36
HR22_CON;HR;22;CON;39102.0
HR22_INC;HR;22;INC;38388.0
HR22_HVPI;HR;22;HVPI;117.0
HR22_INF;HR;22;INF;10.7
HR22_SAVN;HR;22;SAVN;674.0
HR22_SAVR;HR;22;SAVR;7.33
HR23_CON;HR;23;CON;43757.0
HR23_INC;HR;23;INC;45033.0
HR23_HVPI;HR;23;HVPI;126.0
HR23_INF;HR;23;INF;8.4
HR23_SAVN;HR;23;SAVN;2857.0
HR23_SAVR;HR;23;SAVR;10.97
IT12_CON;IT;12;CON;987528.0
IT12_INC;IT;12;INC;1007428.0
IT12_HVPI;IT;12;HVPI;98.0
IT12_INF;IT;12;INF;3.3
IT12_SAVN;IT;12;SAVN;21485.0
IT12_SAVR;IT;12;SAVR;10.28
IT13_CON;IT;13;CON;975664.0
IT13_INC;IT;13;INC;1010062.0
IT13_HVPI;IT;13;HVPI;99.0
IT13_INF;IT;13;INF;1.2
IT13_SAVN;IT;13;SAVN;36045.0
IT13_SAVR;IT;13;SAVR;11.61
IT14_CON;IT;14;CON;980633.0
IT14_INC;IT;14;INC;1017907.0
IT14_HVPI;IT;14;HVPI;99.0
IT14_INF;IT;14;INF;0.2
IT14_SAVN;IT;14;SAVN;40515.0
IT14_SAVR;IT;14;SAVR;11.92
IT15_CON;IT;15;CON;1000447.0
IT15_INC;IT;15;INC;1031248.0
IT15_HVPI;IT;15;HVPI;100.0
IT15_INF;IT;15;INF;0.1
IT15_SAVN;IT;15;SAVN;33197.0
IT15_SAVR;IT;15;SAVR;11.2
IT16_CON;IT;16;CON;1013655.0
IT16_INC;IT;16;INC;1045364.0
IT16_HVPI;IT;16;HVPI;99.0
IT16_INF;IT;16;INF;-0.1
IT16_SAVN;IT;16;SAVN;35657.0
IT16_SAVR;IT;16;SAVR;11.31
IT17_CON;IT;17;CON;1039650.0
IT17_INC;IT;17;INC;1068373.0
IT17_HVPI;IT;17;HVPI;101.0
IT17_INF;IT;17;INF;1.3
IT17_SAVN;IT;17;SAVN;33329.0
IT17_SAVR;IT;17;SAVR;10.97
IT18_CON;IT;18;CON;1058773.0
IT18_INC;IT;18;INC;1084105.0
IT18_HVPI;IT;18;HVPI;102.0
IT18_INF;IT;18;INF;1.2
IT18_SAVN;IT;18;SAVN;30835.0
IT18_SAVR;IT;18;SAVR;10.72
IT19_CON;IT;19;CON;1067942.0
IT19_INC;IT;19;INC;1092046.0
IT19_HVPI;IT;19;HVPI;103.0
IT19_INF;IT;19;INF;0.6
IT19_SAVN;IT;19;SAVN;28957.0
IT19_SAVR;IT;19;SAVR;10.52
IT20_CON;IT;20;CON;958005.0
IT20_INC;IT;20;INC;1064839.0
IT20_HVPI;IT;20;HVPI;103.0
IT20_INF;IT;20;INF;-0.1
IT20_SAVN;IT;20;SAVN;111055.0
IT20_SAVR;IT;20;SAVR;17.86
IT21_CON;IT;21;CON;1028546.0
IT21_INC;IT;21;INC;1117107.0
IT21_HVPI;IT;21;HVPI;105.0
IT21_INF;IT;21;INF;1.9
IT21_SAVN;IT;21;SAVN;91839.0
IT21_SAVR;IT;21;SAVR;15.87
IT22_CON;IT;22;CON;1156910.0
IT22_INC;IT;22;INC;1188950.0
IT22_HVPI;IT;22;HVPI;114.0
IT22_INF;IT;22;INF;8.7
IT22_SAVN;IT;22;SAVN;38340.0
IT22_SAVR;IT;22;SAVR;11.45
IT23_CON;IT;23;CON;1218946.0
IT23_INC;IT;23;INC;1251941.0
IT23_HVPI;IT;23;HVPI;120.0
IT23_INF;IT;23;INF;5.9
IT23_SAVN;IT;23;SAVN;40717.0
IT23_SAVR;IT;23;SAVR;11.27
CY12_CON;CY;12;CON;12863.0
CY12_INC;CY;12;INC;12789.0
CY12_HVPI;CY;12;HVPI;101.0
CY12_INF;CY;12;INF;3.1
CY12_SAVN;CY;12;SAVN;-86.0
CY12_SAVR;CY;12;SAVR;5.09
CY13_CON;CY;13;CON;11912.0
CY13_INC;CY;13;INC;12144.0
CY13_HVPI;CY;13;HVPI;101.0
CY13_INF;CY;13;INF;0.4
CY13_SAVN;CY;13;SAVN;-491.0
CY13_SAVR;CY;13;SAVR;2.58
CY14_CON;CY;14;CON;11831.0
CY14_INC;CY;14;INC;11211.0
CY14_HVPI;CY;14;HVPI;101.0
CY14_INF;CY;14;INF;-0.3
CY14_SAVN;CY;14;SAVN;-806.0
CY14_SAVR;CY;14;SAVR;0.04
CY15_CON;CY;15;CON;11891.0
CY15_INC;CY;15;INC;11230.0
CY15_HVPI;CY;15;HVPI;100.0
CY15_INF;CY;15;INF;-1.5
CY15_SAVN;CY;15;SAVN;-549.0
CY15_SAVR;CY;15;SAVR;2.15
CY16_CON;CY;16;CON;12261.0
CY16_INC;CY;16;INC;11890.0
CY16_HVPI;CY;16;HVPI;98.0
CY16_INF;CY;16;INF;-1.2
CY16_SAVN;CY;16;SAVN;-423.0
CY16_SAVR;CY;16;SAVR;3.04
CY17_CON;CY;17;CON;12980.0
CY17_INC;CY;17;INC;12554.0
CY17_HVPI;CY;17;HVPI;99.0
CY17_INF;CY;17;INF;0.7
CY17_SAVN;CY;17;SAVN;-496.0
CY17_SAVR;CY;17;SAVR;2.58
CY18_CON;CY;18;CON;13946.0
CY18_INC;CY;18;INC;13527.0
CY18_HVPI;CY;18;HVPI;100.0
CY18_INF;CY;18;INF;0.8
CY18_SAVN;CY;18;SAVN;-277.0
CY18_SAVR;CY;18;SAVR;3.94
CY19_CON;CY;19;CON;14617.0
CY19_INC;CY;19;INC;14908.0
CY19_HVPI;CY;19;HVPI;100.0
CY19_INF;CY;19;INF;0.5
CY19_SAVN;CY;19;SAVN;145.0
CY19_SAVR;CY;19;SAVR;6.44
CY20_CON;CY;20;CON;13544.0
CY20_INC;CY;20;INC;14982.0
CY20_HVPI;CY;20;HVPI;99.0
CY20_INF;CY;20;INF;-1.1
CY20_SAVN;CY;20;SAVN;1277.0
CY20_SAVR;CY;20;SAVR;13.76
CY21_CON;CY;21;CON;14343.0
CY21_INC;CY;21;INC;16274.0
CY21_HVPI;CY;21;HVPI;101.0
CY21_INF;CY;21;INF;2.3
CY21_SAVN;CY;21;SAVN;1658.0
CY21_SAVR;CY;21;SAVR;15.31
CY22_CON;CY;22;CON;16744.0
CY22_INC;CY;22;INC;18388.0
CY22_HVPI;CY;22;HVPI;110.0
CY22_INF;CY;22;INF;8.1
CY22_SAVN;CY;22;SAVN;1316.0
CY22_SAVR;CY;22;SAVR;12.32
CY23_CON;CY;23;CON;18396.0
CY23_INC;CY;23;INC;19258.0
CY23_HVPI;CY;23;HVPI;114.0
CY23_INF;CY;23;INF;3.9
CY23_SAVN;CY;23;SAVN;896.0
CY23_SAVR;CY;23;SAVR;9.76
LV12_CON;LV;12;CON;12407.0
LV12_INC;LV;12;INC;11664.0
LV12_HVPI;LV;12;HVPI;99.0
LV12_INF;LV;12;INF;2.3
LV12_SAVN;LV;12;SAVN;-521.0
LV12_SAVR;LV;12;SAVR;0.38
LV13_CON;LV;13;CON;13215.0
LV13_INC;LV;13;INC;11894.0
LV13_HVPI;LV;13;HVPI;99.0
LV13_INF;LV;13;INF;0.0
LV13_SAVN;LV;13;SAVN;-1090.0
LV13_SAVR;LV;13;SAVR;-3.88
LV14_CON;LV;14;CON;13378.0
LV14_INC;LV;14;INC;12370.0
LV14_HVPI;LV;14;HVPI;99.0
LV14_INF;LV;14;INF;0.7
LV14_SAVN;LV;14;SAVN;-655.0
LV14_SAVR;LV;14;SAVR;-0.17
LV15_CON;LV;15;CON;13663.0
LV15_INC;LV;15;INC;13151.0
LV15_HVPI;LV;15;HVPI;100.0
LV15_INF;LV;15;INF;0.2
LV15_SAVN;LV;15;SAVN;-183.0
LV15_SAVR;LV;15;SAVR;3.25
LV16_CON;LV;16;CON;14300.0
LV16_INC;LV;16;INC;13847.0
LV16_HVPI;LV;16;HVPI;100.0
LV16_INF;LV;16;INF;0.1
LV16_SAVN;LV;16;SAVN;-36.0
LV16_SAVR;LV;16;SAVR;4.32
LV17_CON;LV;17;CON;15105.0
LV17_INC;LV;17;INC;14744.0
LV17_HVPI;LV;17;HVPI;103.0
LV17_INF;LV;17;INF;2.9
LV17_SAVN;LV;17;SAVN;116.0
LV17_SAVR;LV;17;SAVR;5.29
LV18_CON;LV;18;CON;16061.0
LV18_INC;LV;18;INC;15887.0
LV18_HVPI;LV;18;HVPI;105.0
LV18_INF;LV;18;INF;2.6
LV18_SAVN;LV;18;SAVN;380.0
LV18_SAVR;LV;18;SAVR;6.76
LV19_CON;LV;19;CON;16589.0
LV19_INC;LV;19;INC;16693.0
LV19_HVPI;LV;19;HVPI;108.0
LV19_INF;LV;19;INF;2.7
LV19_SAVN;LV;19;SAVN;725.0
LV19_SAVR;LV;19;SAVR;8.63
LV20_CON;LV;20;CON;15843.0
LV20_INC;LV;20;INC;16926.0
LV20_HVPI;LV;20;HVPI;108.0
LV20_INF;LV;20;INF;0.1
LV20_SAVN;LV;20;SAVN;1667.0
LV20_SAVR;LV;20;SAVR;13.92
LV21_CON;LV;21;CON;17571.0
LV21_INC;LV;21;INC;18074.0
LV21_HVPI;LV;21;HVPI;112.0
LV21_INF;LV;21;INF;3.2
LV21_SAVN;LV;21;SAVN;1100.0
LV21_SAVR;LV;21;SAVR;10.45
LV22_CON;LV;22;CON;21049.0
LV22_INC;LV;22;INC;19904.0
LV22_HVPI;LV;22;HVPI;131.0
LV22_INF;LV;22;INF;17.2
LV22_SAVN;LV;22;SAVN;-458.0
LV22_SAVR;LV;22;SAVR;2.88
LV23_CON;LV;23;CON;22690.0
LV23_INC;LV;23;INC;22626.0
LV23_HVPI;LV;23;HVPI;143.0
LV23_INF;LV;23;INF;9.1
LV23_SAVN;LV;23;SAVN;716.0
LV23_SAVR;LV;23;SAVR;4.91
LT12_CON;LT;12;CON;20365.0
LT12_INC;LT;12;INC;19015.0
LT12_HVPI;LT;12;HVPI;99.0
LT12_INF;LT;12;INF;3.2
LT12_SAVN;LT;12;SAVN;-1217.0
LT12_SAVR;LT;12;SAVR;-2.09
LT13_CON;LT;13;CON;21294.0
LT13_INC;LT;13;INC;20193.0
LT13_HVPI;LT;13;HVPI;100.0
LT13_INF;LT;13;INF;1.2
LT13_SAVN;LT;13;SAVN;-939.0
LT13_SAVR;LT;13;SAVR;-0.49
LT14_CON;LT;14;CON;22160.0
LT14_INC;LT;14;INC;20680.0
LT14_HVPI;LT;14;HVPI;100.0
LT14_INF;LT;14;INF;0.2
LT14_SAVN;LT;14;SAVN;-1241.0
LT14_SAVR;LT;14;SAVR;-1.69
LT15_CON;LT;15;CON;22846.0
LT15_INC;LT;15;INC;21461.0
LT15_HVPI;LT;15;HVPI;100.0
LT15_INF;LT;15;INF;-0.7
LT15_SAVN;LT;15;SAVN;-1114.0
LT15_SAVR;LT;15;SAVR;-0.96
LT16_CON;LT;16;CON;23987.0
LT16_INC;LT;16;INC;23182.0
LT16_HVPI;LT;16;HVPI;100.0
LT16_INF;LT;16;INF;0.7
LT16_SAVN;LT;16;SAVN;-475.0
LT16_SAVR;LT;16;SAVR;1.88
LT17_CON;LT;17;CON;25675.0
LT17_INC;LT;17;INC;23380.0
LT17_HVPI;LT;17;HVPI;104.0
LT17_INF;LT;17;INF;3.7
LT17_SAVN;LT;17;SAVN;-1973.0
LT17_SAVR;LT;17;SAVR;-4.05
LT18_CON;LT;18;CON;27287.0
LT18_INC;LT;18;INC;25179.0
LT18_HVPI;LT;18;HVPI;107.0
LT18_INF;LT;18;INF;2.5
LT18_SAVN;LT;18;SAVN;-1760.0
LT18_SAVR;LT;18;SAVR;-2.78
LT19_CON;LT;19;CON;28654.0
LT19_INC;LT;19;INC;27651.0
LT19_HVPI;LT;19;HVPI;109.0
LT19_INF;LT;19;INF;2.2
LT19_SAVN;LT;19;SAVN;-640.0
LT19_SAVR;LT;19;SAVR;1.63
LT20_CON;LT;20;CON;28053.0
LT20_INC;LT;20;INC;30204.0
LT20_HVPI;LT;20;HVPI;110.0
LT20_INF;LT;20;INF;1.1
LT20_SAVN;LT;20;SAVN;2546.0
LT20_SAVR;LT;20;SAVR;11.74
LT21_CON;LT;21;CON;31744.0
LT21_INC;LT;21;INC;33497.0
LT21_HVPI;LT;21;HVPI;115.0
LT21_INF;LT;21;INF;4.6
LT21_SAVN;LT;21;SAVN;2241.0
LT21_SAVR;LT;21;SAVR;10.06
LT22_CON;LT;22;CON;38392.0
LT22_INC;LT;22;INC;37998.0
LT22_HVPI;LT;22;HVPI;137.0
LT22_INF;LT;22;INF;18.9
LT22_SAVN;LT;22;SAVN;200.0
LT22_SAVR;LT;22;SAVR;4.42
LT23_CON;LT;23;CON;41669.0
LT23_INC;LT;23;INC;42190.0
LT23_HVPI;LT;23;HVPI;149.0
LT23_INF;LT;23;INF;8.7
LT23_SAVN;LT;23;SAVN;1232.0
LT23_SAVR;LT;23;SAVR;6.68
LU12_CON;LU;12;CON;15063.0
LU12_INC;LU;12;INC;16133.0
LU12_HVPI;LU;12;HVPI;97.0
LU12_INF;LU;12;INF;2.9
LU12_SAVN;LU;12;SAVN;1169.0
LU12_SAVR;LU;12;SAVR;13.2
LU13_CON;LU;13;CON;15409.0
LU13_INC;LU;13;INC;17153.0
LU13_HVPI;LU;13;HVPI;99.0
LU13_INF;LU;13;INF;1.7
LU13_SAVN;LU;13;SAVN;1854.0
LU13_SAVR;LU;13;SAVR;16.4
LU14_CON;LU;14;CON;15981.0
LU14_INC;LU;14;INC;17747.0
LU14_HVPI;LU;14;HVPI;99.0
LU14_INF;LU;14;INF;0.7
LU14_SAVN;LU;14;SAVN;1922.0
LU14_SAVR;LU;14;SAVR;16.44
LU15_CON;LU;15;CON;16613.0
LU15_INC;LU;15;INC;18027.0
LU15_HVPI;LU;15;HVPI;100.0
LU15_INF;LU;15;INF;0.1
LU15_SAVN;LU;15;SAVN;1507.0
LU15_SAVR;LU;15;SAVR;14.34
LU16_CON;LU;16;CON;17272.0
LU16_INC;LU;16;INC;18439.0
LU16_HVPI;LU;16;HVPI;100.0
LU16_INF;LU;16;INF;0.0
LU16_SAVN;LU;16;SAVN;1262.0
LU16_SAVR;LU;16;SAVR;13.0
LU17_CON;LU;17;CON;18158.0
LU17_INC;LU;17;INC;19680.0
LU17_HVPI;LU;17;HVPI;102.0
LU17_INF;LU;17;INF;2.1
LU17_SAVN;LU;17;SAVN;1598.0
LU17_SAVR;LU;17;SAVR;14.08
LU18_CON;LU;18;CON;19077.0
LU18_INC;LU;18;INC;20473.0
LU18_HVPI;LU;18;HVPI;104.0
LU18_INF;LU;18;INF;2.0
LU18_SAVN;LU;18;SAVN;1325.0
LU18_SAVR;LU;18;SAVR;12.8
LU19_CON;LU;19;CON;19672.0
LU19_INC;LU;19;INC;21632.0
LU19_HVPI;LU;19;HVPI;105.0
LU19_INF;LU;19;INF;1.6
LU19_SAVN;LU;19;SAVN;2054.0
LU19_SAVR;LU;19;SAVR;15.49
LU20_CON;LU;20;CON;18196.0
LU20_INC;LU;20;INC;23235.0
LU20_HVPI;LU;20;HVPI;105.0
LU20_INF;LU;20;INF;0.0
LU20_SAVN;LU;20;SAVN;5064.0
LU20_SAVR;LU;20;SAVR;26.88
LU21_CON;LU;21;CON;20621.0
LU21_INC;LU;21;INC;23539.0
LU21_HVPI;LU;21;HVPI;109.0
LU21_INF;LU;21;INF;3.5
LU21_SAVN;LU;21;SAVN;2969.0
LU21_SAVR;LU;21;SAVR;18.69
LU22_CON;LU;22;CON;23205.0
LU22_INC;LU;22;INC;24868.0
LU22_HVPI;LU;22;HVPI;118.0
LU22_INF;LU;22;INF;8.2
LU22_SAVN;LU;22;SAVN;1513.0
LU22_SAVR;LU;22;SAVR;13.39
LU23_CON;LU;23;CON;24665.0
LU23_INC;LU;23;INC;24737.0
LU23_HVPI;LU;23;HVPI;122.0
LU23_INF;LU;23;INF;2.9
LU23_SAVN;LU;23;SAVN;106.0
LU23_SAVR;LU;23;SAVR;8.95
HU12_CON;HU;12;CON;52115.0
HU12_INC;HU;12;INC;55347.0
HU12_HVPI;HU;12;HVPI;98.0
HU12_INF;HU;12;INF;5.7
HU12_SAVN;HU;12;SAVN;3462.0
HU12_SAVR;HU;12;SAVR;11.21
HU13_CON;HU;13;CON;51563.0
HU13_INC;HU;13;INC;55815.0
HU13_HVPI;HU;13;HVPI;99.0
HU13_INF;HU;13;INF;1.7
HU13_SAVN;HU;13;SAVN;4537.0
HU13_SAVR;HU;13;SAVR;12.86
HU14_CON;HU;14;CON;51400.0
HU14_INC;HU;14;INC;55686.0
HU14_HVPI;HU;14;HVPI;99.0
HU14_INF;HU;14;INF;0.0
HU14_SAVN;HU;14;SAVN;4581.0
HU14_SAVR;HU;14;SAVR;12.87
HU15_CON;HU;15;CON;53330.0
HU15_INC;HU;15;INC;57719.0
HU15_HVPI;HU;15;HVPI;100.0
HU15_INF;HU;15;INF;0.1
HU15_SAVN;HU;15;SAVN;4661.0
HU15_SAVR;HU;15;SAVR;12.67
HU16_CON;HU;16;CON;56197.0
HU16_INC;HU;16;INC;60542.0
HU16_HVPI;HU;16;HVPI;100.0
HU16_INF;HU;16;INF;0.4
HU16_SAVN;HU;16;SAVN;4650.0
HU16_SAVR;HU;16;SAVR;12.16
HU17_CON;HU;17;CON;61506.0
HU17_INC;HU;17;INC;66722.0
HU17_HVPI;HU;17;HVPI;102.0
HU17_INF;HU;17;INF;2.4
HU17_SAVN;HU;17;SAVN;5571.0
HU17_SAVR;HU;17;SAVR;12.65
HU18_CON;HU;18;CON;64624.0
HU18_INC;HU;18;INC;72365.0
HU18_HVPI;HU;18;HVPI;105.0
HU18_INF;HU;18;INF;2.9
HU18_SAVN;HU;18;SAVN;8096.0
HU18_SAVR;HU;18;SAVR;15.25
HU19_CON;HU;19;CON;69717.0
HU19_INC;HU;19;INC;79087.0
HU19_HVPI;HU;19;HVPI;109.0
HU19_INF;HU;19;INF;3.4
HU19_SAVN;HU;19;SAVN;9577.0
HU19_SAVR;HU;19;SAVR;16.09
HU20_CON;HU;20;CON;65638.0
HU20_INC;HU;20;INC;74734.0
HU20_HVPI;HU;20;HVPI;113.0
HU20_INF;HU;20;INF;3.4
HU20_SAVN;HU;20;SAVN;9458.0
HU20_SAVR;HU;20;SAVR;16.81
HU21_CON;HU;21;CON;71639.0
HU21_INC;HU;21;INC;84224.0
HU21_HVPI;HU;21;HVPI;119.0
HU21_INF;HU;21;INF;5.2
HU21_SAVN;HU;21;SAVN;12942.0
HU21_SAVR;HU;21;SAVR;19.37
HU22_CON;HU;22;CON;80473.0
HU22_INC;HU;22;INC;91618.0
HU22_HVPI;HU;22;HVPI;137.0
HU22_INF;HU;22;INF;15.3
HU22_SAVN;HU;22;SAVN;11464.0
HU22_SAVR;HU;22;SAVR;16.91
HU23_CON;HU;23;CON;92894.0
HU23_INC;HU;23;INC;110062.0
HU23_HVPI;HU;23;HVPI;160.0
HU23_INF;HU;23;INF;17.0
HU23_SAVN;HU;23;SAVN;17595.0
HU23_SAVR;HU;23;SAVR;20.17
MT12_CON;MT;12;CON;4311.0
MT12_INC;MT;12;INC;4197.0
MT12_HVPI;MT;12;HVPI;97.0
MT12_INF;MT;12;INF;3.2
MT12_SAVN;MT;12;SAVN;-114.0
MT12_SAVR;MT;12;SAVR;1.79
MT13_CON;MT;13;CON;4508.0
MT13_INC;MT;13;INC;4478.0
MT13_HVPI;MT;13;HVPI;98.0
MT13_INF;MT;13;INF;1.0
MT13_SAVN;MT;13;SAVN;-29.0
MT13_SAVR;MT;13;SAVR;3.67
MT14_CON;MT;14;CON;4673.0
MT14_INC;MT;14;INC;4654.0
MT14_HVPI;MT;14;HVPI;98.0
MT14_INF;MT;14;INF;0.8
MT14_SAVN;MT;14;SAVN;-19.0
MT14_SAVR;MT;14;SAVR;3.89
MT15_CON;MT;15;CON;4903.0
MT15_INC;MT;15;INC;5102.0
MT15_HVPI;MT;15;HVPI;100.0
MT15_INF;MT;15;INF;1.2
MT15_SAVN;MT;15;SAVN;199.0
MT15_SAVR;MT;15;SAVR;7.82
MT16_CON;MT;16;CON;5083.0
MT16_INC;MT;16;INC;5497.0
MT16_HVPI;MT;16;HVPI;100.0
MT16_INF;MT;16;INF;0.9
MT16_SAVN;MT;16;SAVN;413.0
MT16_SAVR;MT;16;SAVR;11.22
MT17_CON;MT;17;CON;5460.0
MT17_INC;MT;17;INC;5980.0
MT17_HVPI;MT;17;HVPI;102.0
MT17_INF;MT;17;INF;1.3
MT17_SAVN;MT;17;SAVN;520.0
MT17_SAVR;MT;17;SAVR;12.2
MT18_CON;MT;18;CON;6080.0
MT18_INC;MT;18;INC;6581.0
MT18_HVPI;MT;18;HVPI;103.0
MT18_INF;MT;18;INF;1.7
MT18_SAVN;MT;18;SAVN;501.0
MT18_SAVR;MT;18;SAVR;11.3
MT19_CON;MT;19;CON;6541.0
MT19_INC;MT;19;INC;7245.0
MT19_HVPI;MT;19;HVPI;105.0
MT19_INF;MT;19;INF;1.5
MT19_SAVN;MT;19;SAVN;704.0
MT19_SAVR;MT;19;SAVR;13.26
MT20_CON;MT;20;CON;5867.0
MT20_INC;MT;20;INC;7391.0
MT20_HVPI;MT;20;HVPI;106.0
MT20_INF;MT;20;INF;0.8
MT20_SAVN;MT;20;SAVN;1525.0
MT20_SAVR;MT;20;SAVR;23.62
MT21_CON;MT;21;CON;6647.0
MT21_INC;MT;21;INC;8060.0
MT21_HVPI;MT;21;HVPI;107.0
MT21_INF;MT;21;INF;0.7
MT21_SAVN;MT;21;SAVN;1416.0
MT21_SAVR;MT;21;SAVR;20.67
MT22_CON;MT;22;CON;7777.0
MT22_INC;MT;22;INC;8604.0
MT22_HVPI;MT;22;HVPI;113.0
MT22_INF;MT;22;INF;6.1
MT22_SAVN;MT;22;SAVN;831.0
MT22_SAVR;MT;22;SAVR;13.58
MT23_CON;MT;23;CON;9199.0
MT23_INC;MT;23;INC;9982.0
MT23_HVPI;MT;23;HVPI;120.0
MT23_INF;MT;23;INF;5.6
MT23_SAVN;MT;23;SAVN;789.0
MT23_SAVR;MT;23;SAVR;11.86
NL12_CON;NL;12;CON;295776.0
NL12_INC;NL;12;INC;288411.0
NL12_HVPI;NL;12;HVPI;96.0
NL12_INF;NL;12;INF;2.8
NL12_SAVN;NL;12;SAVN;19484.0
NL12_SAVR;NL;12;SAVR;13.46
NL13_CON;NL;13;CON;299694.0
NL13_INC;NL;13;INC;290445.0
NL13_HVPI;NL;13;HVPI;99.0
NL13_INF;NL;13;INF;2.6
NL13_SAVN;NL;13;SAVN;20705.0
NL13_SAVR;NL;13;SAVR;13.63
NL14_CON;NL;14;CON;304268.0
NL14_INC;NL;14;INC;300929.0
NL14_HVPI;NL;14;HVPI;99.0
NL14_INF;NL;14;INF;0.3
NL14_SAVN;NL;14;SAVN;25725.0
NL14_SAVR;NL;14;SAVR;14.64
NL15_CON;NL;15;CON;311229.0
NL15_INC;NL;15;INC;309726.0
NL15_HVPI;NL;15;HVPI;100.0
NL15_INF;NL;15;INF;0.2
NL15_SAVN;NL;15;SAVN;24998.0
NL15_SAVR;NL;15;SAVR;14.19
NL16_CON;NL;16;CON;317186.0
NL16_INC;NL;16;INC;321419.0
NL16_HVPI;NL;16;HVPI;100.0
NL16_INF;NL;16;INF;0.1
NL16_SAVN;NL;16;SAVN;30936.0
NL16_SAVR;NL;16;SAVR;15.44
NL17_CON;NL;17;CON;331022.0
NL17_INC;NL;17;INC;329947.0
NL17_HVPI;NL;17;HVPI;101.0
NL17_INF;NL;17;INF;1.3
NL17_SAVN;NL;17;SAVN;22747.0
NL17_SAVR;NL;17;SAVR;13.23
NL18_CON;NL;18;CON;345861.0
NL18_INC;NL;18;INC;347493.0
NL18_HVPI;NL;18;HVPI;103.0
NL18_INF;NL;18;INF;1.6
NL18_SAVN;NL;18;SAVN;26406.0
NL18_SAVR;NL;18;SAVR;13.9
NL19_CON;NL;19;CON;357553.0
NL19_INC;NL;19;INC;365204.0
NL19_HVPI;NL;19;HVPI;105.0
NL19_INF;NL;19;INF;2.7
NL19_SAVN;NL;19;SAVN;37757.0
NL19_SAVR;NL;19;SAVR;16.21
NL20_CON;NL;20;CON;342051.0
NL20_INC;NL;20;INC;380904.0
NL20_HVPI;NL;20;HVPI;106.0
NL20_INF;NL;20;INF;1.1
NL20_SAVN;NL;20;SAVN;65170.0
NL20_SAVR;NL;20;SAVR;22.41
NL21_CON;NL;21;CON;373364.0
NL21_INC;NL;21;INC;403581.0
NL21_HVPI;NL;21;HVPI;109.0
NL21_INF;NL;21;INF;2.8
NL21_SAVN;NL;21;SAVN;53799.0
NL21_SAVR;NL;21;SAVR;19.39
NL22_CON;NL;22;CON;430007.0
NL22_INC;NL;22;INC;437491.0
NL22_HVPI;NL;22;HVPI;122.0
NL22_INF;NL;22;INF;11.6
NL22_SAVN;NL;22;SAVN;34815.0
NL22_SAVR;NL;22;SAVR;14.76
NL23_CON;NL;23;CON;463145.0
NL23_INC;NL;23;INC;476339.0
NL23_HVPI;NL;23;HVPI;127.0
NL23_INF;NL;23;INF;4.1
NL23_SAVN;NL;23;SAVN;40049.0
NL23_SAVR;NL;23;SAVR;15.01
AT12_CON;AT;12;CON;163008.0
AT12_INC;AT;12;INC;179086.0
AT12_HVPI;AT;12;HVPI;95.0
AT12_INF;AT;12;INF;2.6
AT12_SAVN;AT;12;SAVN;17460.0
AT12_SAVR;AT;12;SAVR;15.04
AT13_CON;AT;13;CON;165661.0
AT13_INC;AT;13;INC;177836.0
AT13_HVPI;AT;13;HVPI;97.0
AT13_INF;AT;13;INF;2.1
AT13_SAVN;AT;13;SAVN;13523.0
AT13_SAVR;AT;13;SAVR;13.22
AT14_CON;AT;14;CON;168573.0
AT14_INC;AT;14;INC;181620.0
AT14_HVPI;AT;14;HVPI;99.0
AT14_INF;AT;14;INF;1.5
AT14_SAVN;AT;14;SAVN;13874.0
AT14_SAVR;AT;14;SAVR;13.31
AT15_CON;AT;15;CON;172547.0
AT15_INC;AT;15;INC;185621.0
AT15_HVPI;AT;15;HVPI;100.0
AT15_INF;AT;15;INF;0.8
AT15_SAVN;AT;15;SAVN;14101.0
AT15_SAVR;AT;15;SAVR;13.27
AT16_CON;AT;16;CON;178190.0
AT16_INC;AT;16;INC;193604.0
AT16_HVPI;AT;16;HVPI;100.0
AT16_INF;AT;16;INF;1.0
AT16_SAVN;AT;16;SAVN;16525.0
AT16_SAVR;AT;16;SAVR;14.05
AT17_CON;AT;17;CON;184894.0
AT17_INC;AT;17;INC;198026.0
AT17_HVPI;AT;17;HVPI;103.0
AT17_INF;AT;17;INF;2.2
AT17_SAVN;AT;17;SAVN;14113.0
AT17_SAVR;AT;17;SAVR;12.77
AT18_CON;AT;18;CON;190300.0
AT18_INC;AT;18;INC;205205.0
AT18_HVPI;AT;18;HVPI;105.0
AT18_INF;AT;18;INF;2.1
AT18_SAVN;AT;18;SAVN;16178.0
AT18_SAVR;AT;18;SAVR;13.46
AT19_CON;AT;19;CON;194814.0
AT19_INC;AT;19;INC;209404.0
AT19_HVPI;AT;19;HVPI;106.0
AT19_INF;AT;19;INF;1.5
AT19_SAVN;AT;19;SAVN;15736.0
AT19_SAVR;AT;19;SAVR;13.23
AT20_CON;AT;20;CON;181205.0
AT20_INC;AT;20;INC;209187.0
AT20_HVPI;AT;20;HVPI;108.0
AT20_INF;AT;20;INF;1.4
AT20_SAVN;AT;20;SAVN;28928.0
AT20_SAVR;AT;20;SAVR;19.32
AT21_CON;AT;21;CON;193288.0
AT21_INC;AT;21;INC;216970.0
AT21_HVPI;AT;21;HVPI;111.0
AT21_INF;AT;21;INF;2.8
AT21_SAVN;AT;21;SAVN;24727.0
AT21_SAVR;AT;21;SAVR;17.24
AT22_CON;AT;22;CON;218950.0
AT22_INC;AT;22;INC;238423.0
AT22_HVPI;AT;22;HVPI;121.0
AT22_INF;AT;22;INF;8.6
AT22_SAVN;AT;22;SAVN;21129.0
AT22_SAVR;AT;22;SAVR;14.99
AT23_CON;AT;23;CON;235550.0
AT23_INC;AT;23;INC;257122.0
AT23_HVPI;AT;23;HVPI;130.0
AT23_INF;AT;23;INF;7.7
AT23_SAVN;AT;23;SAVN;23260.0
AT23_SAVR;AT;23;SAVR;15.18
PL12_CON;PL;12;CON;236791.0
PL12_INC;PL;12;INC;240302.0
PL12_HVPI;PL;12;HVPI;99.0
PL12_INF;PL;12;INF;3.7
PL12_SAVN;PL;12;SAVN;8500.0
PL12_SAVR;PL;12;SAVR;5.75
PL13_CON;PL;13;CON;236257.0
PL13_INC;PL;13;INC;242394.0
PL13_HVPI;PL;13;HVPI;100.0
PL13_INF;PL;13;INF;0.8
PL13_SAVN;PL;13;SAVN;11202.0
PL13_SAVR;PL;13;SAVR;6.83
PL14_CON;PL;14;CON;244230.0
PL14_INC;PL;14;INC;257208.0
PL14_HVPI;PL;14;HVPI;100.0
PL14_INF;PL;14;INF;0.1
PL14_SAVN;PL;14;SAVN;16277.0
PL14_SAVR;PL;14;SAVR;8.47
PL15_CON;PL;15;CON;252984.0
PL15_INC;PL;15;INC;263871.0
PL15_HVPI;PL;15;HVPI;100.0
PL15_INF;PL;15;INF;-0.7
PL15_SAVN;PL;15;SAVN;12588.0
PL15_SAVR;PL;15;SAVR;7.1
PL16_CON;PL;16;CON;249591.0
PL16_INC;PL;16;INC;264825.0
PL16_HVPI;PL;16;HVPI;99.0
PL16_INF;PL;16;INF;-0.2
PL16_SAVN;PL;16;SAVN;17081.0
PL16_SAVR;PL;16;SAVR;8.76
PL17_CON;PL;17;CON;276553.0
PL17_INC;PL;17;INC;286739.0
PL17_HVPI;PL;17;HVPI;101.0
PL17_INF;PL;17;INF;1.6
PL17_SAVN;PL;17;SAVN;11867.0
PL17_SAVR;PL;17;SAVR;6.29
PL18_CON;PL;18;CON;293222.0
PL18_INC;PL;18;INC;303652.0
PL18_HVPI;PL;18;HVPI;102.0
PL18_INF;PL;18;INF;1.2
PL18_SAVN;PL;18;SAVN;12164.0
PL18_SAVR;PL;18;SAVR;6.01
PL19_CON;PL;19;CON;306914.0
PL19_INC;PL;19;INC;322113.0
PL19_HVPI;PL;19;HVPI;104.0
PL19_INF;PL;19;INF;2.1
PL19_SAVN;PL;19;SAVN;17071.0
PL19_SAVR;PL;19;SAVR;7.18
PL20_CON;PL;20;CON;296732.0
PL20_INC;PL;20;INC;335177.0
PL20_HVPI;PL;20;HVPI;108.0
PL20_INF;PL;20;INF;3.7
PL20_SAVN;PL;20;SAVN;40052.0
PL20_SAVR;PL;20;SAVR;13.59
PL21_CON;PL;21;CON;324020.0
PL21_INC;PL;21;INC;335933.0
PL21_HVPI;PL;21;HVPI;114.0
PL21_INF;PL;21;INF;5.2
PL21_SAVN;PL;21;SAVN;14584.0
PL21_SAVR;PL;21;SAVR;6.22
PL22_CON;PL;22;CON;378154.0
PL22_INC;PL;22;INC;375935.0
PL22_HVPI;PL;22;HVPI;129.0
PL22_INF;PL;22;INF;13.2
PL22_SAVN;PL;22;SAVN;862.0
PL22_SAVR;PL;22;SAVR;2.16
PL23_CON;PL;23;CON;424814.0
PL23_INC;PL;23;INC;425592.0
PL23_HVPI;PL;23;HVPI;143.0
PL23_INF;PL;23;INF;10.9
PL23_SAVN;PL;23;SAVN;5498.0
PL23_SAVR;PL;23;SAVR;3.2
PT12_CON;PT;12;CON;108534.0
PT12_INC;PT;12;INC;111948.0
PT12_HVPI;PT;12;HVPI;99.0
PT12_INF;PT;12;INF;2.8
PT12_SAVN;PT;12;SAVN;3829.0
PT12_SAVR;PT;12;SAVR;10.17
PT13_CON;PT;13;CON;108189.0
PT13_INC;PT;13;INC;110794.0
PT13_HVPI;PT;13;HVPI;99.0
PT13_INF;PT;13;INF;0.4
PT13_SAVN;PT;13;SAVN;2907.0
PT13_SAVR;PT;13;SAVR;9.35
PT14_CON;PT;14;CON;110992.0
PT14_INC;PT;14;INC;110217.0
PT14_HVPI;PT;14;HVPI;99.0
PT14_INF;PT;14;INF;-0.2
PT14_SAVN;PT;14;SAVN;-513.0
PT14_SAVR;PT;14;SAVR;6.63
PT15_CON;PT;15;CON;113750.0
PT15_INC;PT;15;INC;114390.0
PT15_HVPI;PT;15;HVPI;100.0
PT15_INF;PT;15;INF;0.5
PT15_SAVN;PT;15;SAVN;722.0
PT15_SAVR;PT;15;SAVR;7.52
PT16_CON;PT;16;CON;117929.0
PT16_INC;PT;16;INC;118109.0
PT16_HVPI;PT;16;HVPI;100.0
PT16_INF;PT;16;INF;0.6
PT16_SAVN;PT;16;SAVN;240.0
PT16_SAVR;PT;16;SAVR;7.26
PT17_CON;PT;17;CON;122128.0
PT17_INC;PT;17;INC;120948.0
PT17_HVPI;PT;17;HVPI;102.0
PT17_INF;PT;17;INF;1.6
PT17_SAVN;PT;17;SAVN;-1233.0
PT17_SAVR;PT;17;SAVR;6.46
PT18_CON;PT;18;CON;127392.0
PT18_INC;PT;18;INC;126199.0
PT18_HVPI;PT;18;HVPI;103.0
PT18_INF;PT;18;INF;1.2
PT18_SAVN;PT;18;SAVN;-1188.0
PT18_SAVR;PT;18;SAVR;6.81
PT19_CON;PT;19;CON;133188.0
PT19_INC;PT;19;INC;131904.0
PT19_HVPI;PT;19;HVPI;103.0
PT19_INF;PT;19;INF;0.3
PT19_SAVN;PT;19;SAVN;-1304.0
PT19_SAVR;PT;19;SAVR;6.89
PT20_CON;PT;20;CON;124709.0
PT20_INC;PT;20;INC;129690.0
PT20_HVPI;PT;20;HVPI;103.0
PT20_INF;PT;20;INF;-0.1
PT20_SAVN;PT;20;SAVN;4773.0
PT20_SAVR;PT;20;SAVR;11.84
PT21_CON;PT;21;CON;133603.0
PT21_INC;PT;21;INC;136617.0
PT21_HVPI;PT;21;HVPI;104.0
PT21_INF;PT;21;INF;0.9
PT21_SAVN;PT;21;SAVN;2928.0
PT21_SAVR;PT;21;SAVR;10.62
PT22_CON;PT;22;CON;151318.0
PT22_INC;PT;22;INC;148157.0
PT22_HVPI;PT;22;HVPI;113.0
PT22_INF;PT;22;INF;8.1
PT22_SAVN;PT;22;SAVN;-3363.0
PT22_SAVR;PT;22;SAVR;6.86
PT23_CON;PT;23;CON;160900.0
PT23_INC;PT;23;INC;159939.0
PT23_HVPI;PT;23;HVPI;118.0
PT23_INF;PT;23;INF;5.3
PT23_SAVN;PT;23;SAVN;-2660.0
PT23_SAVR;PT;23;SAVR;7.174448303499869
RO12_CON;RO;12;CON;87925.0
RO12_INC;RO;12;INC;71515.0
RO12_HVPI;RO;12;HVPI;95.0
RO12_INF;RO;12;INF;3.4
RO12_SAVN;RO;12;SAVN;-15651.0
RO12_SAVR;RO;12;SAVR;-10.53
RO13_CON;RO;13;CON;87032.0
RO13_INC;RO;13;INC;73341.0
RO13_HVPI;RO;13;HVPI;99.0
RO13_INF;RO;13;INF;3.2
RO13_SAVN;RO;13;SAVN;-12671.0
RO13_SAVR;RO;13;SAVR;-6.75
RO14_CON;RO;14;CON;90591.0
RO14_INC;RO;14;INC;74520.0
RO14_HVPI;RO;14;HVPI;100.0
RO14_INF;RO;14;INF;1.4
RO14_SAVN;RO;14;SAVN;-14902.0
RO14_SAVR;RO;14;SAVR;-9.39
RO15_CON;RO;15;CON;96758.0
RO15_INC;RO;15;INC;80196.0
RO15_HVPI;RO;15;HVPI;100.0
RO15_INF;RO;15;INF;-0.4
RO15_SAVN;RO;15;SAVN;-15304.0
RO15_SAVR;RO;15;SAVR;-9.34
RO16_CON;RO;16;CON;102574.0
RO16_INC;RO;16;INC;87623.0
RO16_HVPI;RO;16;HVPI;98.0
RO16_INF;RO;16;INF;-1.1
RO16_SAVN;RO;16;SAVN;-13426.0
RO16_SAVR;RO;16;SAVR;-6.53
RO17_CON;RO;17;CON;115597.0
RO17_INC;RO;17;INC;99626.0
RO17_HVPI;RO;17;HVPI;100.0
RO17_INF;RO;17;INF;1.1
RO17_SAVN;RO;17;SAVN;-14097.0
RO17_SAVR;RO;17;SAVR;-5.96
RO18_CON;RO;18;CON;129926.0
RO18_INC;RO;18;INC;106510.0
RO18_HVPI;RO;18;HVPI;104.0
RO18_INF;RO;18;INF;4.1
RO18_SAVN;RO;18;SAVN;-21682.0
RO18_SAVR;RO;18;SAVR;-11.18
RO19_CON;RO;19;CON;138244.0
RO19_INC;RO;19;INC;125754.0
RO19_HVPI;RO;19;HVPI;108.0
RO19_INF;RO;19;INF;3.9
RO19_SAVN;RO;19;SAVN;-9345.0
RO19_SAVR;RO;19;SAVR;-0.05
RO20_CON;RO;20;CON;133483.0
RO20_INC;RO;20;INC;124202.0
RO20_HVPI;RO;20;HVPI;110.0
RO20_INF;RO;20;INF;2.3
RO20_SAVN;RO;20;SAVN;-6473.0
RO20_SAVR;RO;20;SAVR;2.07
RO21_CON;RO;21;CON;147378.0
RO21_INC;RO;21;INC;131541.0
RO21_HVPI;RO;21;HVPI;115.0
RO21_INF;RO;21;INF;4.1
RO21_SAVN;RO;21;SAVN;-12893.0
RO21_SAVR;RO;21;SAVR;-1.79
RO22_CON;RO;22;CON;176215.0
RO22_INC;RO;22;INC;149444.0
RO22_HVPI;RO;22;HVPI;129.0
RO22_INF;RO;22;INF;12.0
RO22_SAVN;RO;22;SAVN;-23932.0
RO22_SAVR;RO;22;SAVR;-7.16
RO23_CON;RO;23;CON;198084.0
RO23_INC;RO;23;INC;169551.0
RO23_HVPI;RO;23;HVPI;141.0
RO23_INF;RO;23;INF;9.7
RO23_SAVN;RO;23;SAVN;-20479.0
RO23_SAVR;RO;23;SAVR;-6.32
SI12_CON;SI;12;CON;20225.0
SI12_INC;SI;12;INC;20411.0
SI12_HVPI;SI;12;HVPI;98.0
SI12_INF;SI;12;INF;2.8
SI12_SAVN;SI;12;SAVN;79.0
SI12_SAVR;SI;12;SAVR;8.77
SI13_CON;SI;13;CON;19712.0
SI13_INC;SI;13;INC;20363.0
SI13_HVPI;SI;13;HVPI;100.0
SI13_INF;SI;13;INF;1.9
SI13_SAVN;SI;13;SAVN;643.0
SI13_SAVR;SI;13;SAVR;11.4
SI14_CON;SI;14;CON;19916.0
SI14_INC;SI;14;INC;20591.0
SI14_HVPI;SI;14;HVPI;100.0
SI14_INF;SI;14;INF;0.4
SI14_SAVN;SI;14;SAVN;725.0
SI14_SAVR;SI;14;SAVR;11.68
SI15_CON;SI;15;CON;20242.0
SI15_INC;SI;15;INC;20978.0
SI15_HVPI;SI;15;HVPI;100.0
SI15_INF;SI;15;INF;-0.8
SI15_SAVN;SI;15;SAVN;830.0
SI15_SAVR;SI;15;SAVR;12.09
SI16_CON;SI;16;CON;20966.0
SI16_INC;SI;16;INC;21924.0
SI16_HVPI;SI;16;HVPI;99.0
SI16_INF;SI;16;INF;-0.2
SI16_SAVN;SI;16;SAVN;1006.0
SI16_SAVR;SI;16;SAVR;12.46
SI17_CON;SI;17;CON;21821.0
SI17_INC;SI;17;INC;23046.0
SI17_HVPI;SI;17;HVPI;101.0
SI17_INF;SI;17;INF;1.6
SI17_SAVN;SI;17;SAVN;1336.0
SI17_SAVR;SI;17;SAVR;13.31
SI18_CON;SI;18;CON;23013.0
SI18_INC;SI;18;INC;24521.0
SI18_HVPI;SI;18;HVPI;103.0
SI18_INF;SI;18;INF;1.9
SI18_SAVN;SI;18;SAVN;1639.0
SI18_SAVR;SI;18;SAVR;13.91
SI19_CON;SI;19;CON;24620.0
SI19_INC;SI;19;INC;26253.0
SI19_HVPI;SI;19;HVPI;105.0
SI19_INF;SI;19;INF;1.7
SI19_SAVN;SI;19;SAVN;1830.0
SI19_SAVR;SI;19;SAVR;13.83
SI20_CON;SI;20;CON;23003.0
SI20_INC;SI;20;INC;27463.0
SI20_HVPI;SI;20;HVPI;104.0
SI20_INF;SI;20;INF;-0.3
SI20_SAVN;SI;20;SAVN;4647.0
SI20_SAVR;SI;20;SAVR;22.88
SI21_CON;SI;21;CON;26279.0
SI21_INC;SI;21;INC;29448.0
SI21_HVPI;SI;21;HVPI;106.0
SI21_INF;SI;21;INF;2.0
SI21_SAVN;SI;21;SAVN;3359.0
SI21_SAVR;SI;21;SAVR;17.87
SI22_CON;SI;22;CON;30342.0
SI22_INC;SI;22;INC;32431.0
SI22_HVPI;SI;22;HVPI;116.0
SI22_INF;SI;22;INF;9.3
SI22_SAVN;SI;22;SAVN;2238.0
SI22_SAVR;SI;22;SAVR;14.01
SI23_CON;SI;23;CON;32665.0
SI23_INC;SI;23;INC;35232.0
SI23_HVPI;SI;23;HVPI;125.0
SI23_INF;SI;23;INF;7.2
SI23_SAVN;SI;23;SAVN;2812.0
SI23_SAVR;SI;23;SAVR;14.79
SK12_CON;SK;12;CON;40114.0
SK12_INC;SK;12;INC;39679.0
SK12_HVPI;SK;12;HVPI;99.0
SK12_INF;SK;12;INF;3.7
SK12_SAVN;SK;12;SAVN;740.0
SK12_SAVR;SK;12;SAVR;8.22
SK13_CON;SK;13;CON;39960.0
SK13_INC;SK;13;INC;39776.0
SK13_HVPI;SK;13;HVPI;100.0
SK13_INF;SK;13;INF;1.5
SK13_SAVN;SK;13;SAVN;359.0
SK13_SAVR;SK;13;SAVR;7.53
SK14_CON;SK;14;CON;40638.0
SK14_INC;SK;14;INC;40576.0
SK14_HVPI;SK;14;HVPI;100.0
SK14_INF;SK;14;INF;-0.1
SK14_SAVN;SK;14;SAVN;928.0
SK14_SAVR;SK;14;SAVR;8.64
SK15_CON;SK;15;CON;41901.0
SK15_INC;SK;15;INC;42842.0
SK15_HVPI;SK;15;HVPI;100.0
SK15_INF;SK;15;INF;-0.3
SK15_SAVN;SK;15;SAVN;1501.0
SK15_SAVR;SK;15;SAVR;9.66
SK16_CON;SK;16;CON;43296.0
SK16_INC;SK;16;INC;44129.0
SK16_HVPI;SK;16;HVPI;99.0
SK16_INF;SK;16;INF;-0.5
SK16_SAVN;SK;16;SAVN;1635.0
SK16_SAVR;SK;16;SAVR;9.87
SK17_CON;SK;17;CON;46440.0
SK17_INC;SK;17;INC;46148.0
SK17_HVPI;SK;17;HVPI;100.0
SK17_INF;SK;17;INF;1.4
SK17_SAVN;SK;17;SAVN;481.0
SK17_SAVR;SK;17;SAVR;7.5
SK18_CON;SK;18;CON;49240.0
SK18_INC;SK;18;INC;50754.0
SK18_HVPI;SK;18;HVPI;103.0
SK18_INF;SK;18;INF;2.5
SK18_SAVN;SK;18;SAVN;2309.0
SK18_SAVR;SK;18;SAVR;10.49
SK19_CON;SK;19;CON;51812.0
SK19_INC;SK;19;INC;53015.0
SK19_HVPI;SK;19;HVPI;106.0
SK19_INF;SK;19;INF;2.8
SK19_SAVN;SK;19;SAVN;2030.0
SK19_SAVR;SK;19;SAVR;9.95
SK20_CON;SK;20;CON;53280.0
SK20_INC;SK;20;INC;55363.0
SK20_HVPI;SK;20;HVPI;108.0
SK20_INF;SK;20;INF;2.0
SK20_SAVN;SK;20;SAVN;3019.0
SK20_SAVR;SK;20;SAVR;11.71
SK21_CON;SK;21;CON;56576.0
SK21_INC;SK;21;INC;58186.0
SK21_HVPI;SK;21;HVPI;111.0
SK21_INF;SK;21;INF;2.8
SK21_SAVN;SK;21;SAVN;2713.0
SK21_SAVR;SK;21;SAVR;11.32
SK22_CON;SK;22;CON;66458.0
SK22_INC;SK;22;INC;63706.0
SK22_HVPI;SK;22;HVPI;125.0
SK22_INF;SK;22;INF;12.1
SK22_SAVN;SK;22;SAVN;-1274.0
SK22_SAVR;SK;22;SAVR;5.78
SK23_CON;SK;23;CON;70805.0
SK23_INC;SK;23;INC;69843.0
SK23_HVPI;SK;23;HVPI;138.0
SK23_INF;SK;23;INF;11.0
SK23_SAVN;SK;23;SAVN;610.0
SK23_SAVR;SK;23;SAVR;7.44
FI12_CON;FI;12;CON;103427.0
FI12_INC;FI;12;INC;105251.0
FI12_HVPI;FI;12;HVPI;96.0
FI12_INF;FI;12;INF;3.2
FI12_SAVN;FI;12;SAVN;1762.0
FI12_SAVR;FI;12;SAVR;8.52
FI13_CON;FI;13;CON;105524.0
FI13_INC;FI;13;INC;107317.0
FI13_HVPI;FI;13;HVPI;98.0
FI13_INF;FI;13;INF;2.2
FI13_SAVN;FI;13;SAVN;1708.0
FI13_SAVR;FI;13;SAVR;8.55
FI14_CON;FI;14;CON;107511.0
FI14_INC;FI;14;INC;108631.0
FI14_HVPI;FI;14;HVPI;100.0
FI14_INF;FI;14;INF;1.2
FI14_SAVN;FI;14;SAVN;975.0
FI14_SAVR;FI;14;SAVR;7.98
FI15_CON;FI;15;CON;109654.0
FI15_INC;FI;15;INC;110498.0
FI15_HVPI;FI;15;HVPI;100.0
FI15_INF;FI;15;INF;-0.2
FI15_SAVN;FI;15;SAVN;682.0
FI15_SAVR;FI;15;SAVR;7.73
FI16_CON;FI;16;CON;111887.0
FI16_INC;FI;16;INC;112167.0
FI16_HVPI;FI;16;HVPI;100.0
FI16_INF;FI;16;INF;0.4
FI16_SAVN;FI;16;SAVN;46.0
FI16_SAVR;FI;16;SAVR;7.35
FI17_CON;FI;17;CON;113491.0
FI17_INC;FI;17;INC;114481.0
FI17_HVPI;FI;17;HVPI;101.0
FI17_INF;FI;17;INF;0.8
FI17_SAVN;FI;17;SAVN;772.0
FI17_SAVR;FI;17;SAVR;8.12
FI18_CON;FI;18;CON;116510.0
FI18_INC;FI;18;INC;118097.0
FI18_HVPI;FI;18;HVPI;102.0
FI18_INF;FI;18;INF;1.2
FI18_SAVN;FI;18;SAVN;1379.0
FI18_SAVR;FI;18;SAVR;8.77
FI19_CON;FI;19;CON;118072.0
FI19_INC;FI;19;INC;121819.0
FI19_HVPI;FI;19;HVPI;103.0
FI19_INF;FI;19;INF;1.1
FI19_SAVN;FI;19;SAVN;3591.0
FI19_SAVR;FI;19;SAVR;10.6
FI20_CON;FI;20;CON;114301.0
FI20_INC;FI;20;INC;122439.0
FI20_HVPI;FI;20;HVPI;103.0
FI20_INF;FI;20;INF;0.4
FI20_SAVN;FI;20;SAVN;7903.0
FI20_SAVR;FI;20;SAVR;14.05
FI21_CON;FI;21;CON;120735.0
FI21_INC;FI;21;INC;126351.0
FI21_HVPI;FI;21;HVPI;106.0
FI21_INF;FI;21;INF;2.1
FI21_SAVN;FI;21;SAVN;5383.0
FI21_SAVR;FI;21;SAVR;12.06
FI22_CON;FI;22;CON;129295.0
FI22_INC;FI;22;INC;131422.0
FI22_HVPI;FI;22;HVPI;113.0
FI22_INF;FI;22;INF;7.2
FI22_SAVN;FI;22;SAVN;1948.0
FI22_SAVR;FI;22;SAVR;9.88
FI23_CON;FI;23;CON;135206.0
FI23_INC;FI;23;INC;137636.0
FI23_HVPI;FI;23;HVPI;118.0
FI23_INF;FI;23;INF;4.3
FI23_SAVN;FI;23;SAVN;2304.0
FI23_SAVR;FI;23;SAVR;10.26
SE12_CON;SE;12;CON;199297.0
SE12_INC;SE;12;INC;209882.0
SE12_HVPI;SE;12;HVPI;98.0
SE12_INF;SE;12;INF;0.9
SE12_SAVN;SE;12;SAVN;27534.0
SE12_SAVR;SE;12;SAVR;14.71
SE13_CON;SE;13;CON;205569.0
SE13_INC;SE;13;INC;216913.0
SE13_HVPI;SE;13;HVPI;99.0
SE13_INF;SE;13;INF;0.4
SE13_SAVN;SE;13;SAVN;29159.0
SE13_SAVR;SE;13;SAVR;14.93
SE14_CON;SE;14;CON;202610.0
SE14_INC;SE;14;INC;213387.0
SE14_HVPI;SE;14;HVPI;99.0
SE14_INF;SE;14;INF;0.2
SE14_SAVN;SE;14;SAVN;31033.0
SE14_SAVR;SE;14;SAVR;15.72
SE15_CON;SE;15;CON;207416.0
SE15_INC;SE;15;INC;214169.0
SE15_HVPI;SE;15;HVPI;100.0
SE15_INF;SE;15;INF;0.7
SE15_SAVN;SE;15;SAVN;24883.0
SE15_SAVR;SE;15;SAVR;13.29
SE16_CON;SE;16;CON;211368.0
SE16_INC;SE;16;INC;220433.0
SE16_HVPI;SE;16;HVPI;101.0
SE16_INF;SE;16;INF;1.1
SE16_SAVN;SE;16;SAVN;28612.0
SE16_SAVR;SE;16;SAVR;14.47
SE17_CON;SE;17;CON;216340.0
SE17_INC;SE;17;INC;225898.0
SE17_HVPI;SE;17;HVPI;103.0
SE17_INF;SE;17;INF;1.9
SE17_SAVN;SE;17;SAVN;27347.0
SE17_SAVR;SE;17;SAVR;13.89
SE18_CON;SE;18;CON;212338.0
SE18_INC;SE;18;INC;221308.0
SE18_HVPI;SE;18;HVPI;105.0
SE18_INF;SE;18;INF;2.0
SE18_SAVN;SE;18;SAVN;30032.0
SE18_SAVR;SE;18;SAVR;15.0
SE19_CON;SE;19;CON;211604.0
SE19_INC;SE;19;INC;224413.0
SE19_HVPI;SE;19;HVPI;106.0
SE19_INF;SE;19;INF;1.7
SE19_SAVN;SE;19;SAVN;36130.0
SE19_SAVR;SE;19;SAVR;17.03
SE20_CON;SE;20;CON;208823.0
SE20_INC;SE;20;INC;226954.0
SE20_HVPI;SE;20;HVPI;107.0
SE20_INF;SE;20;INF;0.7
SE20_SAVN;SE;20;SAVN;36841.0
SE20_SAVR;SE;20;SAVR;17.61
SE21_CON;SE;21;CON;233087.0
SE21_INC;SE;21;INC;249979.0
SE21_HVPI;SE;21;HVPI;110.0
SE21_INF;SE;21;INF;2.7
SE21_SAVN;SE;21;SAVN;40939.0
SE21_SAVR;SE;21;SAVR;17.53
SE22_CON;SE;22;CON;244379.0
SE22_INC;SE;22;INC;258773.0
SE22_HVPI;SE;22;HVPI;119.0
SE22_INF;SE;22;INF;8.1
SE22_SAVN;SE;22;SAVN;36917.0
SE22_SAVR;SE;22;SAVR;15.74
SE23_CON;SE;23;CON;237262.0
SE23_INC;SE;23;INC;252578.0
SE23_HVPI;SE;23;HVPI;126.0
SE23_INF;SE;23;INF;5.9
SE23_SAVN;SE;23;SAVN;39943.0
SE23_SAVR;SE;23;SAVR;16.93
